52.9375,-124.9375
52.4375,-124.9375
51.9375,-124.9375
51.4375,-124.9375
50.9375,-124.9375
50.4375,-124.9375
49.4375,-124.9375
48.9375,-124.9375
52.9375,-124.4375
52.4375,-124.4375
51.9375,-124.4375
51.4375,-124.4375
50.9375,-124.4375
50.4375,-124.4375
49.9375,-124.4375
48.9375,-124.4375
47.9375,-124.4375
42.9375,-124.4375
52.9375,-123.9375
52.4375,-123.9375
51.9375,-123.9375
51.4375,-123.9375
50.9375,-123.9375
50.4375,-123.9375
49.9375,-123.9375
48.9375,-123.9375
48.4375,-123.9375
47.9375,-123.9375
47.4375,-123.9375
46.9375,-123.9375
46.4375,-123.9375
45.9375,-123.9375
45.4375,-123.9375
44.9375,-123.9375
44.4375,-123.9375
43.9375,-123.9375
43.4375,-123.9375
42.9375,-123.9375
42.4375,-123.9375
41.9375,-123.9375
41.4375,-123.9375
40.9375,-123.9375
40.4375,-123.9375
39.9375,-123.9375
52.9375,-123.4375
52.4375,-123.4375
51.9375,-123.4375
51.4375,-123.4375
50.9375,-123.4375
50.4375,-123.4375
49.9375,-123.4375
48.4375,-123.4375
47.9375,-123.4375
47.4375,-123.4375
46.9375,-123.4375
46.4375,-123.4375
45.9375,-123.4375
45.4375,-123.4375
44.9375,-123.4375
44.4375,-123.4375
43.9375,-123.4375
43.4375,-123.4375
42.9375,-123.4375
42.4375,-123.4375
41.9375,-123.4375
41.4375,-123.4375
40.9375,-123.4375
40.4375,-123.4375
39.9375,-123.4375
39.4375,-123.4375
38.9375,-123.4375
52.9375,-122.9375
52.4375,-122.9375
51.9375,-122.9375
51.4375,-122.9375
50.9375,-122.9375
50.4375,-122.9375
49.9375,-122.9375
49.4375,-122.9375
47.9375,-122.9375
47.4375,-122.9375
46.9375,-122.9375
46.4375,-122.9375
45.9375,-122.9375
45.4375,-122.9375
44.9375,-122.9375
44.4375,-122.9375
43.9375,-122.9375
43.4375,-122.9375
42.9375,-122.9375
42.4375,-122.9375
41.9375,-122.9375
41.4375,-122.9375
40.9375,-122.9375
40.4375,-122.9375
39.9375,-122.9375
39.4375,-122.9375
38.9375,-122.9375
38.4375,-122.9375
52.9375,-122.4375
52.4375,-122.4375
51.9375,-122.4375
51.4375,-122.4375
50.9375,-122.4375
50.4375,-122.4375
49.9375,-122.4375
49.4375,-122.4375
48.9375,-122.4375
48.4375,-122.4375
47.4375,-122.4375
46.9375,-122.4375
46.4375,-122.4375
45.9375,-122.4375
45.4375,-122.4375
44.9375,-122.4375
44.4375,-122.4375
43.9375,-122.4375
43.4375,-122.4375
42.9375,-122.4375
42.4375,-122.4375
41.9375,-122.4375
41.4375,-122.4375
40.9375,-122.4375
40.4375,-122.4375
39.9375,-122.4375
39.4375,-122.4375
38.9375,-122.4375
38.4375,-122.4375
52.9375,-121.9375
52.4375,-121.9375
51.9375,-121.9375
51.4375,-121.9375
50.9375,-121.9375
50.4375,-121.9375
49.9375,-121.9375
49.4375,-121.9375
48.9375,-121.9375
48.4375,-121.9375
47.9375,-121.9375
47.4375,-121.9375
46.9375,-121.9375
46.4375,-121.9375
45.9375,-121.9375
45.4375,-121.9375
44.9375,-121.9375
44.4375,-121.9375
43.9375,-121.9375
43.4375,-121.9375
42.9375,-121.9375
41.9375,-121.9375
41.4375,-121.9375
40.9375,-121.9375
40.4375,-121.9375
39.9375,-121.9375
39.4375,-121.9375
38.9375,-121.9375
38.4375,-121.9375
37.9375,-121.9375
37.4375,-121.9375
52.9375,-121.4375
52.4375,-121.4375
51.9375,-121.4375
51.4375,-121.4375
50.9375,-121.4375
50.4375,-121.4375
49.9375,-121.4375
49.4375,-121.4375
48.9375,-121.4375
48.4375,-121.4375
47.9375,-121.4375
47.4375,-121.4375
46.9375,-121.4375
46.4375,-121.4375
45.9375,-121.4375
45.4375,-121.4375
44.9375,-121.4375
44.4375,-121.4375
43.9375,-121.4375
43.4375,-121.4375
42.9375,-121.4375
42.4375,-121.4375
41.9375,-121.4375
41.4375,-121.4375
40.9375,-121.4375
40.4375,-121.4375
39.9375,-121.4375
39.4375,-121.4375
38.9375,-121.4375
38.4375,-121.4375
37.9375,-121.4375
37.4375,-121.4375
36.9375,-121.4375
36.4375,-121.4375
35.9375,-121.4375
52.9375,-120.9375
52.4375,-120.9375
51.9375,-120.9375
51.4375,-120.9375
50.9375,-120.9375
50.4375,-120.9375
49.9375,-120.9375
49.4375,-120.9375
48.9375,-120.9375
48.4375,-120.9375
47.9375,-120.9375
47.4375,-120.9375
46.9375,-120.9375
46.4375,-120.9375
45.9375,-120.9375
45.4375,-120.9375
44.9375,-120.9375
44.4375,-120.9375
43.9375,-120.9375
43.4375,-120.9375
42.9375,-120.9375
42.4375,-120.9375
41.9375,-120.9375
41.4375,-120.9375
40.9375,-120.9375
40.4375,-120.9375
39.9375,-120.9375
39.4375,-120.9375
38.9375,-120.9375
38.4375,-120.9375
37.9375,-120.9375
37.4375,-120.9375
36.9375,-120.9375
36.4375,-120.9375
35.9375,-120.9375
52.9375,-120.4375
52.4375,-120.4375
51.9375,-120.4375
51.4375,-120.4375
50.9375,-120.4375
50.4375,-120.4375
49.9375,-120.4375
49.4375,-120.4375
48.9375,-120.4375
48.4375,-120.4375
47.9375,-120.4375
47.4375,-120.4375
46.9375,-120.4375
46.4375,-120.4375
45.9375,-120.4375
45.4375,-120.4375
44.9375,-120.4375
44.4375,-120.4375
43.9375,-120.4375
43.4375,-120.4375
42.9375,-120.4375
42.4375,-120.4375
41.4375,-120.4375
40.9375,-120.4375
40.4375,-120.4375
39.9375,-120.4375
39.4375,-120.4375
38.9375,-120.4375
38.4375,-120.4375
37.9375,-120.4375
37.4375,-120.4375
36.9375,-120.4375
36.4375,-120.4375
35.9375,-120.4375
35.4375,-120.4375
34.9375,-120.4375
52.9375,-119.9375
52.4375,-119.9375
51.9375,-119.9375
51.4375,-119.9375
50.9375,-119.9375
50.4375,-119.9375
49.9375,-119.9375
49.4375,-119.9375
48.9375,-119.9375
48.4375,-119.9375
47.9375,-119.9375
47.4375,-119.9375
46.9375,-119.9375
46.4375,-119.9375
45.9375,-119.9375
45.4375,-119.9375
44.9375,-119.9375
44.4375,-119.9375
43.9375,-119.9375
43.4375,-119.9375
42.9375,-119.9375
42.4375,-119.9375
41.9375,-119.9375
41.4375,-119.9375
40.9375,-119.9375
40.4375,-119.9375
39.9375,-119.9375
39.4375,-119.9375
38.9375,-119.9375
38.4375,-119.9375
37.9375,-119.9375
37.4375,-119.9375
36.9375,-119.9375
36.4375,-119.9375
35.9375,-119.9375
35.4375,-119.9375
34.9375,-119.9375
34.4375,-119.9375
52.9375,-119.4375
52.4375,-119.4375
51.9375,-119.4375
51.4375,-119.4375
50.9375,-119.4375
50.4375,-119.4375
49.9375,-119.4375
49.4375,-119.4375
48.9375,-119.4375
48.4375,-119.4375
47.9375,-119.4375
47.4375,-119.4375
46.9375,-119.4375
46.4375,-119.4375
45.9375,-119.4375
45.4375,-119.4375
44.9375,-119.4375
44.4375,-119.4375
43.9375,-119.4375
43.4375,-119.4375
42.9375,-119.4375
42.4375,-119.4375
41.9375,-119.4375
41.4375,-119.4375
40.9375,-119.4375
40.4375,-119.4375
39.9375,-119.4375
39.4375,-119.4375
38.9375,-119.4375
38.4375,-119.4375
37.9375,-119.4375
37.4375,-119.4375
36.9375,-119.4375
36.4375,-119.4375
35.9375,-119.4375
35.4375,-119.4375
34.9375,-119.4375
34.4375,-119.4375
52.9375,-118.9375
52.4375,-118.9375
51.9375,-118.9375
51.4375,-118.9375
50.9375,-118.9375
50.4375,-118.9375
49.9375,-118.9375
49.4375,-118.9375
48.9375,-118.9375
48.4375,-118.9375
47.9375,-118.9375
47.4375,-118.9375
46.9375,-118.9375
46.4375,-118.9375
45.9375,-118.9375
45.4375,-118.9375
44.9375,-118.9375
44.4375,-118.9375
43.9375,-118.9375
43.4375,-118.9375
42.9375,-118.9375
42.4375,-118.9375
41.9375,-118.9375
41.4375,-118.9375
40.9375,-118.9375
40.4375,-118.9375
39.9375,-118.9375
39.4375,-118.9375
38.9375,-118.9375
38.4375,-118.9375
37.9375,-118.9375
37.4375,-118.9375
36.9375,-118.9375
36.4375,-118.9375
35.9375,-118.9375
35.4375,-118.9375
34.9375,-118.9375
34.4375,-118.9375
52.9375,-118.4375
52.4375,-118.4375
51.9375,-118.4375
51.4375,-118.4375
50.9375,-118.4375
50.4375,-118.4375
49.9375,-118.4375
49.4375,-118.4375
48.9375,-118.4375
48.4375,-118.4375
47.9375,-118.4375
47.4375,-118.4375
46.9375,-118.4375
46.4375,-118.4375
45.9375,-118.4375
45.4375,-118.4375
44.9375,-118.4375
44.4375,-118.4375
43.9375,-118.4375
43.4375,-118.4375
42.9375,-118.4375
42.4375,-118.4375
41.9375,-118.4375
41.4375,-118.4375
40.9375,-118.4375
40.4375,-118.4375
39.9375,-118.4375
39.4375,-118.4375
38.9375,-118.4375
38.4375,-118.4375
37.9375,-118.4375
37.4375,-118.4375
36.9375,-118.4375
36.4375,-118.4375
35.9375,-118.4375
35.4375,-118.4375
34.9375,-118.4375
34.4375,-118.4375
52.9375,-117.9375
52.4375,-117.9375
51.9375,-117.9375
51.4375,-117.9375
50.9375,-117.9375
50.4375,-117.9375
49.9375,-117.9375
49.4375,-117.9375
48.9375,-117.9375
48.4375,-117.9375
47.9375,-117.9375
47.4375,-117.9375
46.9375,-117.9375
46.4375,-117.9375
45.9375,-117.9375
45.4375,-117.9375
44.9375,-117.9375
44.4375,-117.9375
43.9375,-117.9375
43.4375,-117.9375
42.9375,-117.9375
42.4375,-117.9375
41.9375,-117.9375
41.4375,-117.9375
40.9375,-117.9375
40.4375,-117.9375
39.9375,-117.9375
39.4375,-117.9375
38.9375,-117.9375
38.4375,-117.9375
37.9375,-117.9375
37.4375,-117.9375
36.9375,-117.9375
36.4375,-117.9375
35.9375,-117.9375
35.4375,-117.9375
34.9375,-117.9375
34.4375,-117.9375
33.9375,-117.9375
52.9375,-117.4375
52.4375,-117.4375
51.9375,-117.4375
51.4375,-117.4375
50.9375,-117.4375
50.4375,-117.4375
49.9375,-117.4375
49.4375,-117.4375
48.9375,-117.4375
48.4375,-117.4375
47.9375,-117.4375
47.4375,-117.4375
46.9375,-117.4375
46.4375,-117.4375
45.9375,-117.4375
45.4375,-117.4375
44.9375,-117.4375
44.4375,-117.4375
43.9375,-117.4375
43.4375,-117.4375
42.9375,-117.4375
42.4375,-117.4375
41.9375,-117.4375
41.4375,-117.4375
40.9375,-117.4375
40.4375,-117.4375
39.9375,-117.4375
39.4375,-117.4375
38.9375,-117.4375
38.4375,-117.4375
37.9375,-117.4375
37.4375,-117.4375
36.9375,-117.4375
36.4375,-117.4375
35.9375,-117.4375
35.4375,-117.4375
34.9375,-117.4375
34.4375,-117.4375
33.9375,-117.4375
33.4375,-117.4375
52.9375,-116.9375
52.4375,-116.9375
51.9375,-116.9375
51.4375,-116.9375
50.9375,-116.9375
50.4375,-116.9375
49.9375,-116.9375
49.4375,-116.9375
48.9375,-116.9375
48.4375,-116.9375
47.9375,-116.9375
47.4375,-116.9375
46.9375,-116.9375
46.4375,-116.9375
45.9375,-116.9375
45.4375,-116.9375
44.9375,-116.9375
44.4375,-116.9375
43.9375,-116.9375
43.4375,-116.9375
42.9375,-116.9375
42.4375,-116.9375
41.9375,-116.9375
41.4375,-116.9375
40.9375,-116.9375
40.4375,-116.9375
39.9375,-116.9375
39.4375,-116.9375
38.9375,-116.9375
38.4375,-116.9375
37.9375,-116.9375
37.4375,-116.9375
36.9375,-116.9375
36.4375,-116.9375
35.9375,-116.9375
35.4375,-116.9375
34.9375,-116.9375
34.4375,-116.9375
33.9375,-116.9375
33.4375,-116.9375
32.9375,-116.9375
32.4375,-116.9375
52.9375,-116.4375
52.4375,-116.4375
51.9375,-116.4375
51.4375,-116.4375
50.9375,-116.4375
50.4375,-116.4375
49.9375,-116.4375
49.4375,-116.4375
48.9375,-116.4375
48.4375,-116.4375
47.9375,-116.4375
47.4375,-116.4375
46.9375,-116.4375
46.4375,-116.4375
45.9375,-116.4375
45.4375,-116.4375
44.9375,-116.4375
44.4375,-116.4375
43.9375,-116.4375
43.4375,-116.4375
42.9375,-116.4375
42.4375,-116.4375
41.9375,-116.4375
41.4375,-116.4375
40.9375,-116.4375
40.4375,-116.4375
39.9375,-116.4375
39.4375,-116.4375
38.9375,-116.4375
38.4375,-116.4375
37.9375,-116.4375
37.4375,-116.4375
36.9375,-116.4375
36.4375,-116.4375
35.9375,-116.4375
35.4375,-116.4375
34.9375,-116.4375
34.4375,-116.4375
33.9375,-116.4375
33.4375,-116.4375
32.9375,-116.4375
32.4375,-116.4375
31.9375,-116.4375
31.4375,-116.4375
52.9375,-115.9375
52.4375,-115.9375
51.9375,-115.9375
51.4375,-115.9375
50.9375,-115.9375
50.4375,-115.9375
49.9375,-115.9375
49.4375,-115.9375
48.9375,-115.9375
48.4375,-115.9375
47.9375,-115.9375
47.4375,-115.9375
46.9375,-115.9375
46.4375,-115.9375
45.9375,-115.9375
45.4375,-115.9375
44.9375,-115.9375
44.4375,-115.9375
43.9375,-115.9375
43.4375,-115.9375
42.9375,-115.9375
42.4375,-115.9375
41.9375,-115.9375
41.4375,-115.9375
40.9375,-115.9375
40.4375,-115.9375
39.9375,-115.9375
39.4375,-115.9375
38.9375,-115.9375
38.4375,-115.9375
37.9375,-115.9375
37.4375,-115.9375
36.9375,-115.9375
36.4375,-115.9375
35.9375,-115.9375
35.4375,-115.9375
34.9375,-115.9375
34.4375,-115.9375
33.9375,-115.9375
32.9375,-115.9375
32.4375,-115.9375
31.9375,-115.9375
31.4375,-115.9375
30.9375,-115.9375
30.4375,-115.9375
52.9375,-115.4375
52.4375,-115.4375
51.9375,-115.4375
51.4375,-115.4375
50.9375,-115.4375
50.4375,-115.4375
49.9375,-115.4375
49.4375,-115.4375
48.9375,-115.4375
48.4375,-115.4375
47.9375,-115.4375
47.4375,-115.4375
46.9375,-115.4375
46.4375,-115.4375
45.9375,-115.4375
45.4375,-115.4375
44.9375,-115.4375
44.4375,-115.4375
43.9375,-115.4375
43.4375,-115.4375
42.9375,-115.4375
42.4375,-115.4375
41.9375,-115.4375
41.4375,-115.4375
40.9375,-115.4375
40.4375,-115.4375
39.9375,-115.4375
39.4375,-115.4375
38.9375,-115.4375
38.4375,-115.4375
37.9375,-115.4375
37.4375,-115.4375
36.9375,-115.4375
36.4375,-115.4375
35.9375,-115.4375
35.4375,-115.4375
34.9375,-115.4375
34.4375,-115.4375
33.9375,-115.4375
33.4375,-115.4375
32.9375,-115.4375
32.4375,-115.4375
31.9375,-115.4375
31.4375,-115.4375
30.9375,-115.4375
30.4375,-115.4375
29.9375,-115.4375
52.9375,-114.9375
52.4375,-114.9375
51.9375,-114.9375
51.4375,-114.9375
50.9375,-114.9375
50.4375,-114.9375
49.9375,-114.9375
49.4375,-114.9375
48.9375,-114.9375
48.4375,-114.9375
47.9375,-114.9375
47.4375,-114.9375
46.9375,-114.9375
46.4375,-114.9375
45.9375,-114.9375
45.4375,-114.9375
44.9375,-114.9375
44.4375,-114.9375
43.9375,-114.9375
43.4375,-114.9375
42.9375,-114.9375
42.4375,-114.9375
41.9375,-114.9375
41.4375,-114.9375
40.9375,-114.9375
40.4375,-114.9375
39.9375,-114.9375
39.4375,-114.9375
38.9375,-114.9375
38.4375,-114.9375
37.9375,-114.9375
37.4375,-114.9375
36.9375,-114.9375
36.4375,-114.9375
35.9375,-114.9375
35.4375,-114.9375
34.9375,-114.9375
34.4375,-114.9375
33.9375,-114.9375
33.4375,-114.9375
32.9375,-114.9375
32.4375,-114.9375
31.9375,-114.9375
31.4375,-114.9375
30.9375,-114.9375
30.4375,-114.9375
29.9375,-114.9375
29.4375,-114.9375
52.9375,-114.4375
52.4375,-114.4375
51.9375,-114.4375
51.4375,-114.4375
50.9375,-114.4375
50.4375,-114.4375
49.9375,-114.4375
49.4375,-114.4375
48.9375,-114.4375
48.4375,-114.4375
47.9375,-114.4375
47.4375,-114.4375
46.9375,-114.4375
46.4375,-114.4375
45.9375,-114.4375
45.4375,-114.4375
44.9375,-114.4375
44.4375,-114.4375
43.9375,-114.4375
43.4375,-114.4375
42.9375,-114.4375
42.4375,-114.4375
41.9375,-114.4375
41.4375,-114.4375
40.9375,-114.4375
40.4375,-114.4375
39.9375,-114.4375
39.4375,-114.4375
38.9375,-114.4375
38.4375,-114.4375
37.9375,-114.4375
37.4375,-114.4375
36.9375,-114.4375
36.4375,-114.4375
35.9375,-114.4375
35.4375,-114.4375
34.9375,-114.4375
34.4375,-114.4375
33.9375,-114.4375
33.4375,-114.4375
32.9375,-114.4375
32.4375,-114.4375
31.9375,-114.4375
29.4375,-114.4375
28.9375,-114.4375
27.4375,-114.4375
52.9375,-113.9375
52.4375,-113.9375
51.9375,-113.9375
51.4375,-113.9375
50.9375,-113.9375
50.4375,-113.9375
49.9375,-113.9375
49.4375,-113.9375
48.9375,-113.9375
48.4375,-113.9375
47.9375,-113.9375
47.4375,-113.9375
46.9375,-113.9375
46.4375,-113.9375
45.9375,-113.9375
45.4375,-113.9375
44.9375,-113.9375
44.4375,-113.9375
43.9375,-113.9375
43.4375,-113.9375
42.9375,-113.9375
42.4375,-113.9375
41.9375,-113.9375
41.4375,-113.9375
40.9375,-113.9375
40.4375,-113.9375
39.9375,-113.9375
39.4375,-113.9375
38.9375,-113.9375
38.4375,-113.9375
37.9375,-113.9375
37.4375,-113.9375
36.9375,-113.9375
36.4375,-113.9375
35.9375,-113.9375
35.4375,-113.9375
34.9375,-113.9375
34.4375,-113.9375
33.9375,-113.9375
33.4375,-113.9375
32.9375,-113.9375
32.4375,-113.9375
31.9375,-113.9375
29.4375,-113.9375
28.9375,-113.9375
28.4375,-113.9375
27.9375,-113.9375
27.4375,-113.9375
52.9375,-113.4375
52.4375,-113.4375
51.9375,-113.4375
51.4375,-113.4375
50.9375,-113.4375
50.4375,-113.4375
49.9375,-113.4375
49.4375,-113.4375
48.9375,-113.4375
48.4375,-113.4375
47.9375,-113.4375
47.4375,-113.4375
46.9375,-113.4375
46.4375,-113.4375
45.9375,-113.4375
45.4375,-113.4375
44.9375,-113.4375
44.4375,-113.4375
43.9375,-113.4375
43.4375,-113.4375
42.9375,-113.4375
42.4375,-113.4375
41.9375,-113.4375
41.4375,-113.4375
40.9375,-113.4375
40.4375,-113.4375
39.9375,-113.4375
39.4375,-113.4375
38.9375,-113.4375
38.4375,-113.4375
37.9375,-113.4375
37.4375,-113.4375
36.9375,-113.4375
36.4375,-113.4375
35.9375,-113.4375
35.4375,-113.4375
34.9375,-113.4375
34.4375,-113.4375
33.9375,-113.4375
33.4375,-113.4375
32.9375,-113.4375
32.4375,-113.4375
31.9375,-113.4375
31.4375,-113.4375
29.4375,-113.4375
28.4375,-113.4375
27.9375,-113.4375
27.4375,-113.4375
26.9375,-113.4375
52.9375,-112.9375
52.4375,-112.9375
51.9375,-112.9375
51.4375,-112.9375
50.9375,-112.9375
50.4375,-112.9375
49.9375,-112.9375
49.4375,-112.9375
48.9375,-112.9375
48.4375,-112.9375
47.9375,-112.9375
47.4375,-112.9375
46.9375,-112.9375
46.4375,-112.9375
45.9375,-112.9375
45.4375,-112.9375
44.9375,-112.9375
44.4375,-112.9375
43.9375,-112.9375
43.4375,-112.9375
42.9375,-112.9375
42.4375,-112.9375
41.9375,-112.9375
40.9375,-112.9375
40.4375,-112.9375
39.9375,-112.9375
39.4375,-112.9375
38.9375,-112.9375
38.4375,-112.9375
37.9375,-112.9375
37.4375,-112.9375
36.9375,-112.9375
36.4375,-112.9375
35.9375,-112.9375
35.4375,-112.9375
34.9375,-112.9375
34.4375,-112.9375
33.9375,-112.9375
33.4375,-112.9375
32.9375,-112.9375
32.4375,-112.9375
31.9375,-112.9375
31.4375,-112.9375
30.9375,-112.9375
28.4375,-112.9375
27.9375,-112.9375
27.4375,-112.9375
26.9375,-112.9375
52.9375,-112.4375
52.4375,-112.4375
51.9375,-112.4375
51.4375,-112.4375
50.9375,-112.4375
50.4375,-112.4375
49.9375,-112.4375
49.4375,-112.4375
48.9375,-112.4375
48.4375,-112.4375
47.9375,-112.4375
47.4375,-112.4375
46.9375,-112.4375
46.4375,-112.4375
45.9375,-112.4375
45.4375,-112.4375
44.9375,-112.4375
44.4375,-112.4375
43.9375,-112.4375
43.4375,-112.4375
42.9375,-112.4375
42.4375,-112.4375
41.9375,-112.4375
41.4375,-112.4375
40.4375,-112.4375
39.9375,-112.4375
39.4375,-112.4375
38.9375,-112.4375
38.4375,-112.4375
37.9375,-112.4375
37.4375,-112.4375
36.9375,-112.4375
36.4375,-112.4375
35.9375,-112.4375
35.4375,-112.4375
34.9375,-112.4375
34.4375,-112.4375
33.9375,-112.4375
33.4375,-112.4375
32.9375,-112.4375
32.4375,-112.4375
31.9375,-112.4375
31.4375,-112.4375
30.9375,-112.4375
30.4375,-112.4375
29.9375,-112.4375
28.9375,-112.4375
27.4375,-112.4375
26.9375,-112.4375
26.4375,-112.4375
52.9375,-111.9375
52.4375,-111.9375
51.9375,-111.9375
51.4375,-111.9375
50.9375,-111.9375
49.9375,-111.9375
49.4375,-111.9375
48.9375,-111.9375
48.4375,-111.9375
47.9375,-111.9375
47.4375,-111.9375
46.9375,-111.9375
46.4375,-111.9375
45.9375,-111.9375
45.4375,-111.9375
44.9375,-111.9375
44.4375,-111.9375
43.9375,-111.9375
43.4375,-111.9375
42.9375,-111.9375
42.4375,-111.9375
41.9375,-111.9375
41.4375,-111.9375
40.4375,-111.9375
39.9375,-111.9375
39.4375,-111.9375
38.9375,-111.9375
38.4375,-111.9375
37.9375,-111.9375
37.4375,-111.9375
36.9375,-111.9375
36.4375,-111.9375
35.9375,-111.9375
35.4375,-111.9375
34.9375,-111.9375
34.4375,-111.9375
33.9375,-111.9375
33.4375,-111.9375
32.9375,-111.9375
32.4375,-111.9375
31.9375,-111.9375
31.4375,-111.9375
30.9375,-111.9375
30.4375,-111.9375
29.9375,-111.9375
29.4375,-111.9375
28.9375,-111.9375
26.4375,-111.9375
25.9375,-111.9375
25.4375,-111.9375
52.9375,-111.4375
52.4375,-111.4375
51.9375,-111.4375
51.4375,-111.4375
50.9375,-111.4375
50.4375,-111.4375
49.9375,-111.4375
49.4375,-111.4375
48.9375,-111.4375
48.4375,-111.4375
47.9375,-111.4375
47.4375,-111.4375
46.9375,-111.4375
46.4375,-111.4375
45.9375,-111.4375
45.4375,-111.4375
44.9375,-111.4375
44.4375,-111.4375
43.9375,-111.4375
43.4375,-111.4375
42.9375,-111.4375
42.4375,-111.4375
41.9375,-111.4375
41.4375,-111.4375
40.9375,-111.4375
40.4375,-111.4375
39.9375,-111.4375
39.4375,-111.4375
38.9375,-111.4375
38.4375,-111.4375
37.9375,-111.4375
37.4375,-111.4375
36.9375,-111.4375
36.4375,-111.4375
35.9375,-111.4375
35.4375,-111.4375
34.9375,-111.4375
34.4375,-111.4375
33.9375,-111.4375
33.4375,-111.4375
32.9375,-111.4375
32.4375,-111.4375
31.9375,-111.4375
31.4375,-111.4375
30.9375,-111.4375
30.4375,-111.4375
29.9375,-111.4375
29.4375,-111.4375
28.9375,-111.4375
28.4375,-111.4375
25.9375,-111.4375
25.4375,-111.4375
52.9375,-110.9375
52.4375,-110.9375
51.9375,-110.9375
51.4375,-110.9375
50.9375,-110.9375
50.4375,-110.9375
49.9375,-110.9375
49.4375,-110.9375
48.9375,-110.9375
48.4375,-110.9375
47.9375,-110.9375
47.4375,-110.9375
46.9375,-110.9375
46.4375,-110.9375
45.9375,-110.9375
45.4375,-110.9375
44.9375,-110.9375
44.4375,-110.9375
43.9375,-110.9375
43.4375,-110.9375
42.9375,-110.9375
42.4375,-110.9375
41.9375,-110.9375
41.4375,-110.9375
40.9375,-110.9375
40.4375,-110.9375
39.9375,-110.9375
39.4375,-110.9375
38.9375,-110.9375
38.4375,-110.9375
37.9375,-110.9375
37.4375,-110.9375
36.9375,-110.9375
36.4375,-110.9375
35.9375,-110.9375
35.4375,-110.9375
34.9375,-110.9375
34.4375,-110.9375
33.9375,-110.9375
33.4375,-110.9375
32.9375,-110.9375
32.4375,-110.9375
31.9375,-110.9375
31.4375,-110.9375
30.9375,-110.9375
30.4375,-110.9375
29.9375,-110.9375
29.4375,-110.9375
28.9375,-110.9375
28.4375,-110.9375
27.9375,-110.9375
52.9375,-110.4375
52.4375,-110.4375
51.9375,-110.4375
51.4375,-110.4375
50.9375,-110.4375
50.4375,-110.4375
49.9375,-110.4375
49.4375,-110.4375
48.9375,-110.4375
48.4375,-110.4375
47.9375,-110.4375
47.4375,-110.4375
46.9375,-110.4375
46.4375,-110.4375
45.9375,-110.4375
45.4375,-110.4375
44.9375,-110.4375
44.4375,-110.4375
43.9375,-110.4375
43.4375,-110.4375
42.9375,-110.4375
42.4375,-110.4375
41.9375,-110.4375
41.4375,-110.4375
40.9375,-110.4375
40.4375,-110.4375
39.9375,-110.4375
39.4375,-110.4375
38.9375,-110.4375
38.4375,-110.4375
37.9375,-110.4375
37.4375,-110.4375
36.9375,-110.4375
36.4375,-110.4375
35.9375,-110.4375
35.4375,-110.4375
34.9375,-110.4375
34.4375,-110.4375
33.9375,-110.4375
33.4375,-110.4375
32.9375,-110.4375
32.4375,-110.4375
31.9375,-110.4375
31.4375,-110.4375
30.9375,-110.4375
30.4375,-110.4375
29.9375,-110.4375
29.4375,-110.4375
28.9375,-110.4375
28.4375,-110.4375
27.9375,-110.4375
27.4375,-110.4375
52.9375,-109.9375
52.4375,-109.9375
51.9375,-109.9375
51.4375,-109.9375
50.9375,-109.9375
50.4375,-109.9375
49.9375,-109.9375
49.4375,-109.9375
48.9375,-109.9375
48.4375,-109.9375
47.9375,-109.9375
47.4375,-109.9375
46.9375,-109.9375
46.4375,-109.9375
45.9375,-109.9375
45.4375,-109.9375
44.9375,-109.9375
44.4375,-109.9375
43.9375,-109.9375
43.4375,-109.9375
42.9375,-109.9375
42.4375,-109.9375
41.9375,-109.9375
41.4375,-109.9375
40.9375,-109.9375
40.4375,-109.9375
39.9375,-109.9375
39.4375,-109.9375
38.9375,-109.9375
38.4375,-109.9375
37.9375,-109.9375
37.4375,-109.9375
36.9375,-109.9375
36.4375,-109.9375
35.9375,-109.9375
35.4375,-109.9375
34.9375,-109.9375
34.4375,-109.9375
33.9375,-109.9375
33.4375,-109.9375
32.9375,-109.9375
32.4375,-109.9375
31.9375,-109.9375
31.4375,-109.9375
30.9375,-109.9375
30.4375,-109.9375
29.9375,-109.9375
29.4375,-109.9375
28.9375,-109.9375
28.4375,-109.9375
27.9375,-109.9375
27.4375,-109.9375
52.9375,-109.4375
52.4375,-109.4375
51.9375,-109.4375
51.4375,-109.4375
50.9375,-109.4375
50.4375,-109.4375
49.9375,-109.4375
49.4375,-109.4375
48.9375,-109.4375
48.4375,-109.4375
47.9375,-109.4375
47.4375,-109.4375
46.9375,-109.4375
46.4375,-109.4375
45.9375,-109.4375
45.4375,-109.4375
44.9375,-109.4375
44.4375,-109.4375
43.9375,-109.4375
43.4375,-109.4375
42.9375,-109.4375
42.4375,-109.4375
41.9375,-109.4375
41.4375,-109.4375
40.9375,-109.4375
40.4375,-109.4375
39.9375,-109.4375
39.4375,-109.4375
38.9375,-109.4375
38.4375,-109.4375
37.9375,-109.4375
37.4375,-109.4375
36.9375,-109.4375
36.4375,-109.4375
35.9375,-109.4375
35.4375,-109.4375
34.9375,-109.4375
34.4375,-109.4375
33.9375,-109.4375
33.4375,-109.4375
32.9375,-109.4375
32.4375,-109.4375
31.9375,-109.4375
31.4375,-109.4375
30.9375,-109.4375
30.4375,-109.4375
29.9375,-109.4375
29.4375,-109.4375
28.9375,-109.4375
28.4375,-109.4375
27.9375,-109.4375
27.4375,-109.4375
26.9375,-109.4375
52.9375,-108.9375
52.4375,-108.9375
51.9375,-108.9375
51.4375,-108.9375
50.9375,-108.9375
50.4375,-108.9375
49.9375,-108.9375
49.4375,-108.9375
48.9375,-108.9375
48.4375,-108.9375
47.9375,-108.9375
47.4375,-108.9375
46.9375,-108.9375
46.4375,-108.9375
45.9375,-108.9375
45.4375,-108.9375
44.9375,-108.9375
44.4375,-108.9375
43.9375,-108.9375
43.4375,-108.9375
42.9375,-108.9375
42.4375,-108.9375
41.9375,-108.9375
41.4375,-108.9375
40.9375,-108.9375
40.4375,-108.9375
39.9375,-108.9375
39.4375,-108.9375
38.9375,-108.9375
38.4375,-108.9375
37.9375,-108.9375
37.4375,-108.9375
36.9375,-108.9375
36.4375,-108.9375
35.9375,-108.9375
35.4375,-108.9375
34.9375,-108.9375
34.4375,-108.9375
33.9375,-108.9375
33.4375,-108.9375
32.9375,-108.9375
32.4375,-108.9375
31.9375,-108.9375
31.4375,-108.9375
30.9375,-108.9375
30.4375,-108.9375
29.9375,-108.9375
29.4375,-108.9375
28.9375,-108.9375
28.4375,-108.9375
27.9375,-108.9375
27.4375,-108.9375
26.9375,-108.9375
26.4375,-108.9375
25.9375,-108.9375
52.9375,-108.4375
52.4375,-108.4375
51.9375,-108.4375
51.4375,-108.4375
50.9375,-108.4375
50.4375,-108.4375
49.9375,-108.4375
49.4375,-108.4375
48.9375,-108.4375
48.4375,-108.4375
47.9375,-108.4375
47.4375,-108.4375
46.9375,-108.4375
46.4375,-108.4375
45.9375,-108.4375
45.4375,-108.4375
44.9375,-108.4375
44.4375,-108.4375
43.9375,-108.4375
43.4375,-108.4375
42.9375,-108.4375
42.4375,-108.4375
41.9375,-108.4375
41.4375,-108.4375
40.9375,-108.4375
40.4375,-108.4375
39.9375,-108.4375
39.4375,-108.4375
38.9375,-108.4375
38.4375,-108.4375
37.9375,-108.4375
37.4375,-108.4375
36.9375,-108.4375
36.4375,-108.4375
35.9375,-108.4375
35.4375,-108.4375
34.9375,-108.4375
34.4375,-108.4375
33.9375,-108.4375
33.4375,-108.4375
32.9375,-108.4375
32.4375,-108.4375
31.9375,-108.4375
31.4375,-108.4375
30.9375,-108.4375
30.4375,-108.4375
29.9375,-108.4375
29.4375,-108.4375
28.9375,-108.4375
28.4375,-108.4375
27.9375,-108.4375
27.4375,-108.4375
26.9375,-108.4375
26.4375,-108.4375
25.9375,-108.4375
25.4375,-108.4375
52.9375,-107.9375
52.4375,-107.9375
51.9375,-107.9375
51.4375,-107.9375
50.9375,-107.9375
50.4375,-107.9375
49.9375,-107.9375
49.4375,-107.9375
48.9375,-107.9375
48.4375,-107.9375
47.9375,-107.9375
47.4375,-107.9375
46.9375,-107.9375
46.4375,-107.9375
45.9375,-107.9375
45.4375,-107.9375
44.9375,-107.9375
44.4375,-107.9375
43.9375,-107.9375
43.4375,-107.9375
42.9375,-107.9375
42.4375,-107.9375
41.9375,-107.9375
41.4375,-107.9375
40.9375,-107.9375
40.4375,-107.9375
39.9375,-107.9375
39.4375,-107.9375
38.9375,-107.9375
38.4375,-107.9375
37.9375,-107.9375
37.4375,-107.9375
36.9375,-107.9375
36.4375,-107.9375
35.9375,-107.9375
35.4375,-107.9375
34.9375,-107.9375
34.4375,-107.9375
33.9375,-107.9375
33.4375,-107.9375
32.9375,-107.9375
32.4375,-107.9375
31.9375,-107.9375
31.4375,-107.9375
30.9375,-107.9375
30.4375,-107.9375
29.9375,-107.9375
29.4375,-107.9375
28.9375,-107.9375
28.4375,-107.9375
27.9375,-107.9375
27.4375,-107.9375
26.9375,-107.9375
26.4375,-107.9375
25.9375,-107.9375
25.4375,-107.9375
52.9375,-107.4375
52.4375,-107.4375
51.9375,-107.4375
51.4375,-107.4375
50.9375,-107.4375
50.4375,-107.4375
49.9375,-107.4375
49.4375,-107.4375
48.9375,-107.4375
48.4375,-107.4375
47.9375,-107.4375
47.4375,-107.4375
46.9375,-107.4375
46.4375,-107.4375
45.9375,-107.4375
45.4375,-107.4375
44.9375,-107.4375
44.4375,-107.4375
43.9375,-107.4375
43.4375,-107.4375
42.9375,-107.4375
42.4375,-107.4375
41.9375,-107.4375
41.4375,-107.4375
40.9375,-107.4375
40.4375,-107.4375
39.9375,-107.4375
39.4375,-107.4375
38.9375,-107.4375
38.4375,-107.4375
37.9375,-107.4375
37.4375,-107.4375
36.9375,-107.4375
36.4375,-107.4375
35.9375,-107.4375
35.4375,-107.4375
34.9375,-107.4375
34.4375,-107.4375
33.9375,-107.4375
33.4375,-107.4375
32.9375,-107.4375
32.4375,-107.4375
31.9375,-107.4375
31.4375,-107.4375
30.9375,-107.4375
30.4375,-107.4375
29.9375,-107.4375
29.4375,-107.4375
28.9375,-107.4375
28.4375,-107.4375
27.9375,-107.4375
27.4375,-107.4375
26.9375,-107.4375
26.4375,-107.4375
25.9375,-107.4375
25.4375,-107.4375
52.9375,-106.9375
52.4375,-106.9375
51.9375,-106.9375
51.4375,-106.9375
50.9375,-106.9375
50.4375,-106.9375
49.9375,-106.9375
49.4375,-106.9375
48.9375,-106.9375
48.4375,-106.9375
47.9375,-106.9375
47.4375,-106.9375
46.9375,-106.9375
46.4375,-106.9375
45.9375,-106.9375
45.4375,-106.9375
44.9375,-106.9375
44.4375,-106.9375
43.9375,-106.9375
43.4375,-106.9375
42.9375,-106.9375
42.4375,-106.9375
41.9375,-106.9375
41.4375,-106.9375
40.9375,-106.9375
40.4375,-106.9375
39.9375,-106.9375
39.4375,-106.9375
38.9375,-106.9375
38.4375,-106.9375
37.9375,-106.9375
37.4375,-106.9375
36.9375,-106.9375
36.4375,-106.9375
35.9375,-106.9375
35.4375,-106.9375
34.9375,-106.9375
34.4375,-106.9375
33.9375,-106.9375
33.4375,-106.9375
32.9375,-106.9375
32.4375,-106.9375
31.9375,-106.9375
31.4375,-106.9375
30.9375,-106.9375
30.4375,-106.9375
29.9375,-106.9375
29.4375,-106.9375
28.9375,-106.9375
28.4375,-106.9375
27.9375,-106.9375
27.4375,-106.9375
26.9375,-106.9375
26.4375,-106.9375
25.9375,-106.9375
25.4375,-106.9375
52.9375,-106.4375
52.4375,-106.4375
51.9375,-106.4375
51.4375,-106.4375
50.9375,-106.4375
50.4375,-106.4375
49.9375,-106.4375
49.4375,-106.4375
48.9375,-106.4375
48.4375,-106.4375
47.4375,-106.4375
46.9375,-106.4375
46.4375,-106.4375
45.9375,-106.4375
45.4375,-106.4375
44.9375,-106.4375
44.4375,-106.4375
43.9375,-106.4375
43.4375,-106.4375
42.9375,-106.4375
42.4375,-106.4375
41.9375,-106.4375
41.4375,-106.4375
40.9375,-106.4375
40.4375,-106.4375
39.9375,-106.4375
39.4375,-106.4375
38.9375,-106.4375
38.4375,-106.4375
37.9375,-106.4375
37.4375,-106.4375
36.9375,-106.4375
36.4375,-106.4375
35.9375,-106.4375
35.4375,-106.4375
34.9375,-106.4375
34.4375,-106.4375
33.9375,-106.4375
33.4375,-106.4375
32.9375,-106.4375
32.4375,-106.4375
31.9375,-106.4375
31.4375,-106.4375
30.9375,-106.4375
30.4375,-106.4375
29.9375,-106.4375
29.4375,-106.4375
28.9375,-106.4375
28.4375,-106.4375
27.9375,-106.4375
27.4375,-106.4375
26.9375,-106.4375
26.4375,-106.4375
25.9375,-106.4375
25.4375,-106.4375
52.9375,-105.9375
52.4375,-105.9375
51.9375,-105.9375
51.4375,-105.9375
50.9375,-105.9375
50.4375,-105.9375
49.9375,-105.9375
49.4375,-105.9375
48.9375,-105.9375
48.4375,-105.9375
47.9375,-105.9375
47.4375,-105.9375
46.9375,-105.9375
46.4375,-105.9375
45.9375,-105.9375
45.4375,-105.9375
44.9375,-105.9375
44.4375,-105.9375
43.9375,-105.9375
43.4375,-105.9375
42.9375,-105.9375
42.4375,-105.9375
41.9375,-105.9375
41.4375,-105.9375
40.9375,-105.9375
40.4375,-105.9375
39.9375,-105.9375
39.4375,-105.9375
38.9375,-105.9375
38.4375,-105.9375
37.9375,-105.9375
37.4375,-105.9375
36.9375,-105.9375
36.4375,-105.9375
35.9375,-105.9375
35.4375,-105.9375
34.9375,-105.9375
34.4375,-105.9375
33.9375,-105.9375
33.4375,-105.9375
32.9375,-105.9375
32.4375,-105.9375
31.9375,-105.9375
31.4375,-105.9375
30.9375,-105.9375
30.4375,-105.9375
29.9375,-105.9375
29.4375,-105.9375
28.9375,-105.9375
28.4375,-105.9375
27.9375,-105.9375
27.4375,-105.9375
26.9375,-105.9375
26.4375,-105.9375
25.9375,-105.9375
25.4375,-105.9375
52.9375,-105.4375
52.4375,-105.4375
51.9375,-105.4375
51.4375,-105.4375
50.9375,-105.4375
50.4375,-105.4375
49.9375,-105.4375
49.4375,-105.4375
48.9375,-105.4375
48.4375,-105.4375
47.9375,-105.4375
47.4375,-105.4375
46.9375,-105.4375
46.4375,-105.4375
45.9375,-105.4375
45.4375,-105.4375
44.9375,-105.4375
44.4375,-105.4375
43.9375,-105.4375
43.4375,-105.4375
42.9375,-105.4375
42.4375,-105.4375
41.9375,-105.4375
41.4375,-105.4375
40.9375,-105.4375
40.4375,-105.4375
39.9375,-105.4375
39.4375,-105.4375
38.9375,-105.4375
38.4375,-105.4375
37.9375,-105.4375
37.4375,-105.4375
36.9375,-105.4375
36.4375,-105.4375
35.9375,-105.4375
35.4375,-105.4375
34.9375,-105.4375
34.4375,-105.4375
33.9375,-105.4375
33.4375,-105.4375
32.9375,-105.4375
32.4375,-105.4375
31.9375,-105.4375
31.4375,-105.4375
30.9375,-105.4375
30.4375,-105.4375
29.9375,-105.4375
29.4375,-105.4375
28.9375,-105.4375
28.4375,-105.4375
27.9375,-105.4375
27.4375,-105.4375
26.9375,-105.4375
26.4375,-105.4375
25.9375,-105.4375
25.4375,-105.4375
52.9375,-104.9375
52.4375,-104.9375
51.9375,-104.9375
51.4375,-104.9375
50.9375,-104.9375
50.4375,-104.9375
49.9375,-104.9375
49.4375,-104.9375
48.9375,-104.9375
48.4375,-104.9375
47.9375,-104.9375
47.4375,-104.9375
46.9375,-104.9375
46.4375,-104.9375
45.9375,-104.9375
45.4375,-104.9375
44.9375,-104.9375
44.4375,-104.9375
43.9375,-104.9375
43.4375,-104.9375
42.9375,-104.9375
42.4375,-104.9375
41.9375,-104.9375
41.4375,-104.9375
40.9375,-104.9375
40.4375,-104.9375
39.9375,-104.9375
39.4375,-104.9375
38.9375,-104.9375
38.4375,-104.9375
37.9375,-104.9375
37.4375,-104.9375
36.9375,-104.9375
36.4375,-104.9375
35.9375,-104.9375
35.4375,-104.9375
34.9375,-104.9375
34.4375,-104.9375
33.9375,-104.9375
33.4375,-104.9375
32.9375,-104.9375
32.4375,-104.9375
31.9375,-104.9375
31.4375,-104.9375
30.9375,-104.9375
30.4375,-104.9375
29.9375,-104.9375
29.4375,-104.9375
28.9375,-104.9375
28.4375,-104.9375
27.9375,-104.9375
27.4375,-104.9375
26.9375,-104.9375
26.4375,-104.9375
25.9375,-104.9375
25.4375,-104.9375
52.9375,-104.4375
52.4375,-104.4375
51.9375,-104.4375
51.4375,-104.4375
50.9375,-104.4375
50.4375,-104.4375
49.9375,-104.4375
49.4375,-104.4375
48.9375,-104.4375
48.4375,-104.4375
47.9375,-104.4375
47.4375,-104.4375
46.9375,-104.4375
46.4375,-104.4375
45.9375,-104.4375
45.4375,-104.4375
44.9375,-104.4375
44.4375,-104.4375
43.9375,-104.4375
43.4375,-104.4375
42.9375,-104.4375
42.4375,-104.4375
41.9375,-104.4375
41.4375,-104.4375
40.9375,-104.4375
40.4375,-104.4375
39.9375,-104.4375
39.4375,-104.4375
38.9375,-104.4375
38.4375,-104.4375
37.9375,-104.4375
37.4375,-104.4375
36.9375,-104.4375
36.4375,-104.4375
35.9375,-104.4375
35.4375,-104.4375
34.9375,-104.4375
34.4375,-104.4375
33.9375,-104.4375
33.4375,-104.4375
32.9375,-104.4375
32.4375,-104.4375
31.9375,-104.4375
31.4375,-104.4375
30.9375,-104.4375
30.4375,-104.4375
29.9375,-104.4375
29.4375,-104.4375
28.9375,-104.4375
28.4375,-104.4375
27.9375,-104.4375
27.4375,-104.4375
26.9375,-104.4375
26.4375,-104.4375
25.9375,-104.4375
25.4375,-104.4375
52.9375,-103.9375
52.4375,-103.9375
51.9375,-103.9375
51.4375,-103.9375
50.9375,-103.9375
50.4375,-103.9375
49.9375,-103.9375
49.4375,-103.9375
48.9375,-103.9375
48.4375,-103.9375
47.9375,-103.9375
47.4375,-103.9375
46.9375,-103.9375
46.4375,-103.9375
45.9375,-103.9375
45.4375,-103.9375
44.9375,-103.9375
44.4375,-103.9375
43.9375,-103.9375
43.4375,-103.9375
42.9375,-103.9375
42.4375,-103.9375
41.9375,-103.9375
41.4375,-103.9375
40.9375,-103.9375
40.4375,-103.9375
39.9375,-103.9375
39.4375,-103.9375
38.9375,-103.9375
38.4375,-103.9375
37.9375,-103.9375
37.4375,-103.9375
36.9375,-103.9375
36.4375,-103.9375
35.9375,-103.9375
35.4375,-103.9375
34.9375,-103.9375
34.4375,-103.9375
33.9375,-103.9375
33.4375,-103.9375
32.9375,-103.9375
32.4375,-103.9375
31.9375,-103.9375
31.4375,-103.9375
30.9375,-103.9375
30.4375,-103.9375
29.9375,-103.9375
29.4375,-103.9375
28.9375,-103.9375
28.4375,-103.9375
27.9375,-103.9375
27.4375,-103.9375
26.9375,-103.9375
26.4375,-103.9375
25.9375,-103.9375
25.4375,-103.9375
52.9375,-103.4375
52.4375,-103.4375
51.9375,-103.4375
51.4375,-103.4375
50.9375,-103.4375
50.4375,-103.4375
49.9375,-103.4375
49.4375,-103.4375
48.9375,-103.4375
48.4375,-103.4375
47.9375,-103.4375
47.4375,-103.4375
46.9375,-103.4375
46.4375,-103.4375
45.9375,-103.4375
45.4375,-103.4375
44.9375,-103.4375
44.4375,-103.4375
43.9375,-103.4375
43.4375,-103.4375
42.9375,-103.4375
42.4375,-103.4375
41.9375,-103.4375
41.4375,-103.4375
40.9375,-103.4375
40.4375,-103.4375
39.9375,-103.4375
39.4375,-103.4375
38.9375,-103.4375
38.4375,-103.4375
37.9375,-103.4375
37.4375,-103.4375
36.9375,-103.4375
36.4375,-103.4375
35.9375,-103.4375
35.4375,-103.4375
34.9375,-103.4375
34.4375,-103.4375
33.9375,-103.4375
33.4375,-103.4375
32.9375,-103.4375
32.4375,-103.4375
31.9375,-103.4375
31.4375,-103.4375
30.9375,-103.4375
30.4375,-103.4375
29.9375,-103.4375
29.4375,-103.4375
28.9375,-103.4375
28.4375,-103.4375
27.9375,-103.4375
27.4375,-103.4375
26.9375,-103.4375
26.4375,-103.4375
25.9375,-103.4375
25.4375,-103.4375
52.9375,-102.9375
52.4375,-102.9375
51.9375,-102.9375
51.4375,-102.9375
50.9375,-102.9375
50.4375,-102.9375
49.9375,-102.9375
49.4375,-102.9375
48.9375,-102.9375
48.4375,-102.9375
47.9375,-102.9375
47.4375,-102.9375
46.9375,-102.9375
46.4375,-102.9375
45.9375,-102.9375
45.4375,-102.9375
44.9375,-102.9375
44.4375,-102.9375
43.9375,-102.9375
43.4375,-102.9375
42.9375,-102.9375
42.4375,-102.9375
41.9375,-102.9375
41.4375,-102.9375
40.9375,-102.9375
40.4375,-102.9375
39.9375,-102.9375
39.4375,-102.9375
38.9375,-102.9375
38.4375,-102.9375
37.9375,-102.9375
37.4375,-102.9375
36.9375,-102.9375
36.4375,-102.9375
35.9375,-102.9375
35.4375,-102.9375
34.9375,-102.9375
34.4375,-102.9375
33.9375,-102.9375
33.4375,-102.9375
32.9375,-102.9375
32.4375,-102.9375
31.9375,-102.9375
31.4375,-102.9375
30.9375,-102.9375
30.4375,-102.9375
29.9375,-102.9375
29.4375,-102.9375
28.9375,-102.9375
28.4375,-102.9375
27.9375,-102.9375
27.4375,-102.9375
26.9375,-102.9375
26.4375,-102.9375
25.9375,-102.9375
25.4375,-102.9375
52.9375,-102.4375
52.4375,-102.4375
51.9375,-102.4375
51.4375,-102.4375
50.9375,-102.4375
50.4375,-102.4375
49.9375,-102.4375
49.4375,-102.4375
48.9375,-102.4375
48.4375,-102.4375
47.9375,-102.4375
47.4375,-102.4375
46.9375,-102.4375
46.4375,-102.4375
45.9375,-102.4375
45.4375,-102.4375
44.9375,-102.4375
44.4375,-102.4375
43.9375,-102.4375
43.4375,-102.4375
42.9375,-102.4375
42.4375,-102.4375
41.9375,-102.4375
41.4375,-102.4375
40.9375,-102.4375
40.4375,-102.4375
39.9375,-102.4375
39.4375,-102.4375
38.9375,-102.4375
38.4375,-102.4375
37.9375,-102.4375
37.4375,-102.4375
36.9375,-102.4375
36.4375,-102.4375
35.9375,-102.4375
35.4375,-102.4375
34.9375,-102.4375
34.4375,-102.4375
33.9375,-102.4375
33.4375,-102.4375
32.9375,-102.4375
32.4375,-102.4375
31.9375,-102.4375
31.4375,-102.4375
30.9375,-102.4375
30.4375,-102.4375
29.9375,-102.4375
29.4375,-102.4375
28.9375,-102.4375
28.4375,-102.4375
27.9375,-102.4375
27.4375,-102.4375
26.9375,-102.4375
26.4375,-102.4375
25.9375,-102.4375
25.4375,-102.4375
52.9375,-101.9375
52.4375,-101.9375
51.9375,-101.9375
51.4375,-101.9375
50.9375,-101.9375
50.4375,-101.9375
49.9375,-101.9375
49.4375,-101.9375
48.9375,-101.9375
48.4375,-101.9375
47.9375,-101.9375
47.4375,-101.9375
46.9375,-101.9375
46.4375,-101.9375
45.9375,-101.9375
45.4375,-101.9375
44.9375,-101.9375
44.4375,-101.9375
43.9375,-101.9375
43.4375,-101.9375
42.9375,-101.9375
42.4375,-101.9375
41.9375,-101.9375
41.4375,-101.9375
40.9375,-101.9375
40.4375,-101.9375
39.9375,-101.9375
39.4375,-101.9375
38.9375,-101.9375
38.4375,-101.9375
37.9375,-101.9375
37.4375,-101.9375
36.9375,-101.9375
36.4375,-101.9375
35.9375,-101.9375
35.4375,-101.9375
34.9375,-101.9375
34.4375,-101.9375
33.9375,-101.9375
33.4375,-101.9375
32.9375,-101.9375
32.4375,-101.9375
31.9375,-101.9375
31.4375,-101.9375
30.9375,-101.9375
30.4375,-101.9375
29.9375,-101.9375
29.4375,-101.9375
28.9375,-101.9375
28.4375,-101.9375
27.9375,-101.9375
27.4375,-101.9375
26.9375,-101.9375
26.4375,-101.9375
25.9375,-101.9375
25.4375,-101.9375
52.4375,-101.4375
51.9375,-101.4375
51.4375,-101.4375
50.9375,-101.4375
50.4375,-101.4375
49.9375,-101.4375
49.4375,-101.4375
48.9375,-101.4375
48.4375,-101.4375
47.9375,-101.4375
47.4375,-101.4375
46.9375,-101.4375
46.4375,-101.4375
45.9375,-101.4375
45.4375,-101.4375
44.9375,-101.4375
44.4375,-101.4375
43.9375,-101.4375
43.4375,-101.4375
42.9375,-101.4375
42.4375,-101.4375
41.9375,-101.4375
41.4375,-101.4375
40.9375,-101.4375
40.4375,-101.4375
39.9375,-101.4375
39.4375,-101.4375
38.9375,-101.4375
38.4375,-101.4375
37.9375,-101.4375
37.4375,-101.4375
36.9375,-101.4375
36.4375,-101.4375
35.9375,-101.4375
35.4375,-101.4375
34.9375,-101.4375
34.4375,-101.4375
33.9375,-101.4375
33.4375,-101.4375
32.9375,-101.4375
32.4375,-101.4375
31.9375,-101.4375
31.4375,-101.4375
30.9375,-101.4375
30.4375,-101.4375
29.9375,-101.4375
29.4375,-101.4375
28.9375,-101.4375
28.4375,-101.4375
27.9375,-101.4375
27.4375,-101.4375
26.9375,-101.4375
26.4375,-101.4375
25.9375,-101.4375
25.4375,-101.4375
52.4375,-100.9375
51.9375,-100.9375
51.4375,-100.9375
50.9375,-100.9375
50.4375,-100.9375
49.9375,-100.9375
49.4375,-100.9375
48.9375,-100.9375
48.4375,-100.9375
47.9375,-100.9375
47.4375,-100.9375
46.9375,-100.9375
46.4375,-100.9375
45.9375,-100.9375
45.4375,-100.9375
44.9375,-100.9375
44.4375,-100.9375
43.9375,-100.9375
43.4375,-100.9375
42.9375,-100.9375
42.4375,-100.9375
41.9375,-100.9375
41.4375,-100.9375
40.9375,-100.9375
40.4375,-100.9375
39.9375,-100.9375
39.4375,-100.9375
38.9375,-100.9375
38.4375,-100.9375
37.9375,-100.9375
37.4375,-100.9375
36.9375,-100.9375
36.4375,-100.9375
35.9375,-100.9375
35.4375,-100.9375
34.9375,-100.9375
34.4375,-100.9375
33.9375,-100.9375
33.4375,-100.9375
32.9375,-100.9375
32.4375,-100.9375
31.9375,-100.9375
31.4375,-100.9375
30.9375,-100.9375
30.4375,-100.9375
29.9375,-100.9375
29.4375,-100.9375
28.9375,-100.9375
28.4375,-100.9375
27.9375,-100.9375
27.4375,-100.9375
26.9375,-100.9375
26.4375,-100.9375
25.9375,-100.9375
25.4375,-100.9375
52.4375,-100.4375
51.9375,-100.4375
51.4375,-100.4375
50.9375,-100.4375
50.4375,-100.4375
49.9375,-100.4375
49.4375,-100.4375
48.9375,-100.4375
48.4375,-100.4375
47.9375,-100.4375
47.4375,-100.4375
46.9375,-100.4375
46.4375,-100.4375
45.9375,-100.4375
45.4375,-100.4375
44.9375,-100.4375
44.4375,-100.4375
43.9375,-100.4375
43.4375,-100.4375
42.9375,-100.4375
42.4375,-100.4375
41.9375,-100.4375
41.4375,-100.4375
40.9375,-100.4375
40.4375,-100.4375
39.9375,-100.4375
39.4375,-100.4375
38.9375,-100.4375
38.4375,-100.4375
37.9375,-100.4375
37.4375,-100.4375
36.9375,-100.4375
36.4375,-100.4375
35.9375,-100.4375
35.4375,-100.4375
34.9375,-100.4375
34.4375,-100.4375
33.9375,-100.4375
33.4375,-100.4375
32.9375,-100.4375
32.4375,-100.4375
31.9375,-100.4375
31.4375,-100.4375
30.9375,-100.4375
30.4375,-100.4375
29.9375,-100.4375
29.4375,-100.4375
28.9375,-100.4375
28.4375,-100.4375
27.9375,-100.4375
27.4375,-100.4375
26.9375,-100.4375
26.4375,-100.4375
25.9375,-100.4375
25.4375,-100.4375
52.4375,-99.9375
51.4375,-99.9375
50.9375,-99.9375
50.4375,-99.9375
49.9375,-99.9375
49.4375,-99.9375
48.9375,-99.9375
48.4375,-99.9375
47.9375,-99.9375
47.4375,-99.9375
46.9375,-99.9375
46.4375,-99.9375
45.9375,-99.9375
45.4375,-99.9375
44.9375,-99.9375
44.4375,-99.9375
43.9375,-99.9375
43.4375,-99.9375
42.9375,-99.9375
42.4375,-99.9375
41.9375,-99.9375
41.4375,-99.9375
40.9375,-99.9375
40.4375,-99.9375
39.9375,-99.9375
39.4375,-99.9375
38.9375,-99.9375
38.4375,-99.9375
37.9375,-99.9375
37.4375,-99.9375
36.9375,-99.9375
36.4375,-99.9375
35.9375,-99.9375
35.4375,-99.9375
34.9375,-99.9375
34.4375,-99.9375
33.9375,-99.9375
33.4375,-99.9375
32.9375,-99.9375
32.4375,-99.9375
31.9375,-99.9375
31.4375,-99.9375
30.9375,-99.9375
30.4375,-99.9375
29.9375,-99.9375
29.4375,-99.9375
28.9375,-99.9375
28.4375,-99.9375
27.9375,-99.9375
27.4375,-99.9375
26.9375,-99.9375
26.4375,-99.9375
25.9375,-99.9375
25.4375,-99.9375
52.9375,-99.4375
52.4375,-99.4375
51.9375,-99.4375
51.4375,-99.4375
50.9375,-99.4375
50.4375,-99.4375
49.9375,-99.4375
49.4375,-99.4375
48.9375,-99.4375
48.4375,-99.4375
47.9375,-99.4375
47.4375,-99.4375
46.9375,-99.4375
46.4375,-99.4375
45.9375,-99.4375
45.4375,-99.4375
44.9375,-99.4375
44.4375,-99.4375
43.9375,-99.4375
43.4375,-99.4375
42.9375,-99.4375
42.4375,-99.4375
41.9375,-99.4375
41.4375,-99.4375
40.9375,-99.4375
40.4375,-99.4375
39.9375,-99.4375
39.4375,-99.4375
38.9375,-99.4375
38.4375,-99.4375
37.9375,-99.4375
37.4375,-99.4375
36.9375,-99.4375
36.4375,-99.4375
35.9375,-99.4375
35.4375,-99.4375
34.9375,-99.4375
34.4375,-99.4375
33.9375,-99.4375
33.4375,-99.4375
32.9375,-99.4375
32.4375,-99.4375
31.9375,-99.4375
31.4375,-99.4375
30.9375,-99.4375
30.4375,-99.4375
29.9375,-99.4375
29.4375,-99.4375
28.9375,-99.4375
28.4375,-99.4375
27.9375,-99.4375
27.4375,-99.4375
26.9375,-99.4375
26.4375,-99.4375
25.9375,-99.4375
25.4375,-99.4375
52.9375,-98.9375
52.4375,-98.9375
51.9375,-98.9375
51.4375,-98.9375
50.9375,-98.9375
50.4375,-98.9375
49.9375,-98.9375
49.4375,-98.9375
48.9375,-98.9375
48.4375,-98.9375
47.9375,-98.9375
47.4375,-98.9375
46.9375,-98.9375
46.4375,-98.9375
45.9375,-98.9375
45.4375,-98.9375
44.9375,-98.9375
44.4375,-98.9375
43.9375,-98.9375
43.4375,-98.9375
42.9375,-98.9375
42.4375,-98.9375
41.9375,-98.9375
41.4375,-98.9375
40.9375,-98.9375
40.4375,-98.9375
39.9375,-98.9375
39.4375,-98.9375
38.9375,-98.9375
38.4375,-98.9375
37.9375,-98.9375
37.4375,-98.9375
36.9375,-98.9375
36.4375,-98.9375
35.9375,-98.9375
35.4375,-98.9375
34.9375,-98.9375
34.4375,-98.9375
33.9375,-98.9375
33.4375,-98.9375
32.9375,-98.9375
32.4375,-98.9375
31.9375,-98.9375
31.4375,-98.9375
30.9375,-98.9375
30.4375,-98.9375
29.9375,-98.9375
29.4375,-98.9375
28.9375,-98.9375
28.4375,-98.9375
27.9375,-98.9375
27.4375,-98.9375
26.9375,-98.9375
26.4375,-98.9375
25.9375,-98.9375
25.4375,-98.9375
51.9375,-98.4375
51.4375,-98.4375
50.9375,-98.4375
49.9375,-98.4375
49.4375,-98.4375
48.9375,-98.4375
48.4375,-98.4375
47.9375,-98.4375
47.4375,-98.4375
46.9375,-98.4375
46.4375,-98.4375
45.9375,-98.4375
45.4375,-98.4375
44.9375,-98.4375
44.4375,-98.4375
43.9375,-98.4375
43.4375,-98.4375
42.9375,-98.4375
42.4375,-98.4375
41.9375,-98.4375
41.4375,-98.4375
40.9375,-98.4375
40.4375,-98.4375
39.9375,-98.4375
39.4375,-98.4375
38.9375,-98.4375
38.4375,-98.4375
37.9375,-98.4375
37.4375,-98.4375
36.9375,-98.4375
36.4375,-98.4375
35.9375,-98.4375
35.4375,-98.4375
34.9375,-98.4375
34.4375,-98.4375
33.9375,-98.4375
33.4375,-98.4375
32.9375,-98.4375
32.4375,-98.4375
31.9375,-98.4375
31.4375,-98.4375
30.9375,-98.4375
30.4375,-98.4375
29.9375,-98.4375
29.4375,-98.4375
28.9375,-98.4375
28.4375,-98.4375
27.9375,-98.4375
27.4375,-98.4375
26.9375,-98.4375
26.4375,-98.4375
25.9375,-98.4375
25.4375,-98.4375
51.4375,-97.9375
50.9375,-97.9375
50.4375,-97.9375
49.9375,-97.9375
49.4375,-97.9375
48.9375,-97.9375
48.4375,-97.9375
47.9375,-97.9375
47.4375,-97.9375
46.9375,-97.9375
46.4375,-97.9375
45.9375,-97.9375
45.4375,-97.9375
44.9375,-97.9375
44.4375,-97.9375
43.9375,-97.9375
43.4375,-97.9375
42.9375,-97.9375
42.4375,-97.9375
41.9375,-97.9375
41.4375,-97.9375
40.9375,-97.9375
40.4375,-97.9375
39.9375,-97.9375
39.4375,-97.9375
38.9375,-97.9375
38.4375,-97.9375
37.9375,-97.9375
37.4375,-97.9375
36.9375,-97.9375
36.4375,-97.9375
35.9375,-97.9375
35.4375,-97.9375
34.9375,-97.9375
34.4375,-97.9375
33.9375,-97.9375
33.4375,-97.9375
32.9375,-97.9375
32.4375,-97.9375
31.9375,-97.9375
31.4375,-97.9375
30.9375,-97.9375
30.4375,-97.9375
29.9375,-97.9375
29.4375,-97.9375
28.9375,-97.9375
28.4375,-97.9375
27.9375,-97.9375
27.4375,-97.9375
26.9375,-97.9375
26.4375,-97.9375
25.9375,-97.9375
25.4375,-97.9375
51.9375,-97.4375
51.4375,-97.4375
50.9375,-97.4375
50.4375,-97.4375
49.9375,-97.4375
49.4375,-97.4375
48.9375,-97.4375
48.4375,-97.4375
47.9375,-97.4375
47.4375,-97.4375
46.9375,-97.4375
46.4375,-97.4375
45.9375,-97.4375
45.4375,-97.4375
44.9375,-97.4375
44.4375,-97.4375
43.9375,-97.4375
43.4375,-97.4375
42.9375,-97.4375
42.4375,-97.4375
41.9375,-97.4375
41.4375,-97.4375
40.9375,-97.4375
40.4375,-97.4375
39.9375,-97.4375
39.4375,-97.4375
38.9375,-97.4375
38.4375,-97.4375
37.9375,-97.4375
37.4375,-97.4375
36.9375,-97.4375
36.4375,-97.4375
35.9375,-97.4375
35.4375,-97.4375
34.9375,-97.4375
34.4375,-97.4375
33.9375,-97.4375
33.4375,-97.4375
32.9375,-97.4375
32.4375,-97.4375
31.9375,-97.4375
31.4375,-97.4375
30.9375,-97.4375
30.4375,-97.4375
29.9375,-97.4375
29.4375,-97.4375
28.9375,-97.4375
28.4375,-97.4375
27.9375,-97.4375
27.4375,-97.4375
26.4375,-97.4375
25.9375,-97.4375
25.4375,-97.4375
52.9375,-96.9375
52.4375,-96.9375
51.4375,-96.9375
50.4375,-96.9375
49.9375,-96.9375
49.4375,-96.9375
48.9375,-96.9375
48.4375,-96.9375
47.9375,-96.9375
47.4375,-96.9375
46.9375,-96.9375
46.4375,-96.9375
45.9375,-96.9375
45.4375,-96.9375
44.9375,-96.9375
44.4375,-96.9375
43.9375,-96.9375
43.4375,-96.9375
42.9375,-96.9375
42.4375,-96.9375
41.9375,-96.9375
41.4375,-96.9375
40.9375,-96.9375
40.4375,-96.9375
39.9375,-96.9375
39.4375,-96.9375
38.9375,-96.9375
38.4375,-96.9375
37.9375,-96.9375
37.4375,-96.9375
36.9375,-96.9375
36.4375,-96.9375
35.9375,-96.9375
35.4375,-96.9375
34.9375,-96.9375
34.4375,-96.9375
33.9375,-96.9375
33.4375,-96.9375
32.9375,-96.9375
32.4375,-96.9375
31.9375,-96.9375
31.4375,-96.9375
30.9375,-96.9375
30.4375,-96.9375
29.9375,-96.9375
29.4375,-96.9375
28.9375,-96.9375
28.4375,-96.9375
52.9375,-96.4375
52.4375,-96.4375
51.9375,-96.4375
51.4375,-96.4375
50.4375,-96.4375
49.9375,-96.4375
49.4375,-96.4375
48.9375,-96.4375
48.4375,-96.4375
47.9375,-96.4375
47.4375,-96.4375
46.9375,-96.4375
46.4375,-96.4375
45.9375,-96.4375
45.4375,-96.4375
44.9375,-96.4375
44.4375,-96.4375
43.9375,-96.4375
43.4375,-96.4375
42.9375,-96.4375
42.4375,-96.4375
41.9375,-96.4375
41.4375,-96.4375
40.9375,-96.4375
40.4375,-96.4375
39.9375,-96.4375
39.4375,-96.4375
38.9375,-96.4375
38.4375,-96.4375
37.9375,-96.4375
37.4375,-96.4375
36.9375,-96.4375
36.4375,-96.4375
35.9375,-96.4375
35.4375,-96.4375
34.9375,-96.4375
34.4375,-96.4375
33.9375,-96.4375
33.4375,-96.4375
32.9375,-96.4375
32.4375,-96.4375
31.9375,-96.4375
31.4375,-96.4375
30.9375,-96.4375
30.4375,-96.4375
29.9375,-96.4375
29.4375,-96.4375
28.9375,-96.4375
52.9375,-95.9375
52.4375,-95.9375
51.9375,-95.9375
51.4375,-95.9375
50.9375,-95.9375
50.4375,-95.9375
49.9375,-95.9375
49.4375,-95.9375
48.9375,-95.9375
48.4375,-95.9375
47.9375,-95.9375
47.4375,-95.9375
46.9375,-95.9375
46.4375,-95.9375
45.9375,-95.9375
45.4375,-95.9375
44.9375,-95.9375
44.4375,-95.9375
43.9375,-95.9375
43.4375,-95.9375
42.9375,-95.9375
42.4375,-95.9375
41.9375,-95.9375
41.4375,-95.9375
40.9375,-95.9375
40.4375,-95.9375
39.9375,-95.9375
39.4375,-95.9375
38.9375,-95.9375
38.4375,-95.9375
37.9375,-95.9375
37.4375,-95.9375
36.9375,-95.9375
36.4375,-95.9375
35.9375,-95.9375
35.4375,-95.9375
34.9375,-95.9375
34.4375,-95.9375
33.9375,-95.9375
33.4375,-95.9375
32.9375,-95.9375
32.4375,-95.9375
31.9375,-95.9375
31.4375,-95.9375
30.9375,-95.9375
30.4375,-95.9375
29.9375,-95.9375
29.4375,-95.9375
28.9375,-95.9375
52.9375,-95.4375
52.4375,-95.4375
51.9375,-95.4375
51.4375,-95.4375
50.9375,-95.4375
50.4375,-95.4375
49.9375,-95.4375
49.4375,-95.4375
48.9375,-95.4375
48.4375,-95.4375
47.9375,-95.4375
47.4375,-95.4375
46.9375,-95.4375
46.4375,-95.4375
45.9375,-95.4375
45.4375,-95.4375
44.9375,-95.4375
44.4375,-95.4375
43.9375,-95.4375
43.4375,-95.4375
42.9375,-95.4375
42.4375,-95.4375
41.9375,-95.4375
41.4375,-95.4375
40.9375,-95.4375
40.4375,-95.4375
39.9375,-95.4375
39.4375,-95.4375
38.9375,-95.4375
38.4375,-95.4375
37.9375,-95.4375
37.4375,-95.4375
36.9375,-95.4375
36.4375,-95.4375
35.9375,-95.4375
35.4375,-95.4375
34.9375,-95.4375
34.4375,-95.4375
33.9375,-95.4375
33.4375,-95.4375
32.9375,-95.4375
32.4375,-95.4375
31.9375,-95.4375
31.4375,-95.4375
30.9375,-95.4375
30.4375,-95.4375
29.9375,-95.4375
29.4375,-95.4375
28.9375,-95.4375
52.9375,-94.9375
52.4375,-94.9375
51.9375,-94.9375
51.4375,-94.9375
50.9375,-94.9375
50.4375,-94.9375
49.9375,-94.9375
49.4375,-94.9375
48.9375,-94.9375
48.4375,-94.9375
47.4375,-94.9375
46.9375,-94.9375
46.4375,-94.9375
45.9375,-94.9375
45.4375,-94.9375
44.9375,-94.9375
44.4375,-94.9375
43.9375,-94.9375
43.4375,-94.9375
42.9375,-94.9375
42.4375,-94.9375
41.9375,-94.9375
41.4375,-94.9375
40.9375,-94.9375
40.4375,-94.9375
39.9375,-94.9375
39.4375,-94.9375
38.9375,-94.9375
38.4375,-94.9375
37.9375,-94.9375
37.4375,-94.9375
36.9375,-94.9375
36.4375,-94.9375
35.9375,-94.9375
35.4375,-94.9375
34.9375,-94.9375
34.4375,-94.9375
33.9375,-94.9375
33.4375,-94.9375
32.9375,-94.9375
32.4375,-94.9375
31.9375,-94.9375
31.4375,-94.9375
30.9375,-94.9375
30.4375,-94.9375
29.9375,-94.9375
29.4375,-94.9375
52.9375,-94.4375
52.4375,-94.4375
51.9375,-94.4375
51.4375,-94.4375
50.9375,-94.4375
50.4375,-94.4375
49.9375,-94.4375
49.4375,-94.4375
48.9375,-94.4375
48.4375,-94.4375
47.9375,-94.4375
47.4375,-94.4375
46.9375,-94.4375
46.4375,-94.4375
45.9375,-94.4375
45.4375,-94.4375
44.9375,-94.4375
44.4375,-94.4375
43.9375,-94.4375
43.4375,-94.4375
42.9375,-94.4375
42.4375,-94.4375
41.9375,-94.4375
41.4375,-94.4375
40.9375,-94.4375
40.4375,-94.4375
39.9375,-94.4375
39.4375,-94.4375
38.9375,-94.4375
38.4375,-94.4375
37.9375,-94.4375
37.4375,-94.4375
36.9375,-94.4375
36.4375,-94.4375
35.9375,-94.4375
35.4375,-94.4375
34.9375,-94.4375
34.4375,-94.4375
33.9375,-94.4375
33.4375,-94.4375
32.9375,-94.4375
32.4375,-94.4375
31.9375,-94.4375
31.4375,-94.4375
30.9375,-94.4375
30.4375,-94.4375
29.9375,-94.4375
52.9375,-93.9375
52.4375,-93.9375
51.9375,-93.9375
51.4375,-93.9375
50.9375,-93.9375
50.4375,-93.9375
49.9375,-93.9375
49.4375,-93.9375
48.9375,-93.9375
48.4375,-93.9375
47.9375,-93.9375
47.4375,-93.9375
46.9375,-93.9375
46.4375,-93.9375
45.9375,-93.9375
45.4375,-93.9375
44.9375,-93.9375
44.4375,-93.9375
43.9375,-93.9375
43.4375,-93.9375
42.9375,-93.9375
42.4375,-93.9375
41.9375,-93.9375
41.4375,-93.9375
40.9375,-93.9375
40.4375,-93.9375
39.9375,-93.9375
39.4375,-93.9375
38.9375,-93.9375
38.4375,-93.9375
37.9375,-93.9375
37.4375,-93.9375
36.9375,-93.9375
36.4375,-93.9375
35.9375,-93.9375
35.4375,-93.9375
34.9375,-93.9375
34.4375,-93.9375
33.9375,-93.9375
33.4375,-93.9375
32.9375,-93.9375
32.4375,-93.9375
31.9375,-93.9375
31.4375,-93.9375
30.9375,-93.9375
30.4375,-93.9375
29.9375,-93.9375
52.9375,-93.4375
52.4375,-93.4375
51.9375,-93.4375
51.4375,-93.4375
50.9375,-93.4375
50.4375,-93.4375
49.9375,-93.4375
49.4375,-93.4375
48.9375,-93.4375
48.4375,-93.4375
47.9375,-93.4375
47.4375,-93.4375
46.9375,-93.4375
46.4375,-93.4375
45.9375,-93.4375
45.4375,-93.4375
44.9375,-93.4375
44.4375,-93.4375
43.9375,-93.4375
43.4375,-93.4375
42.9375,-93.4375
42.4375,-93.4375
41.9375,-93.4375
41.4375,-93.4375
40.9375,-93.4375
40.4375,-93.4375
39.9375,-93.4375
39.4375,-93.4375
38.9375,-93.4375
38.4375,-93.4375
37.9375,-93.4375
37.4375,-93.4375
36.9375,-93.4375
36.4375,-93.4375
35.9375,-93.4375
35.4375,-93.4375
34.9375,-93.4375
34.4375,-93.4375
33.9375,-93.4375
33.4375,-93.4375
32.9375,-93.4375
32.4375,-93.4375
31.9375,-93.4375
31.4375,-93.4375
30.9375,-93.4375
30.4375,-93.4375
29.9375,-93.4375
52.9375,-92.9375
52.4375,-92.9375
51.9375,-92.9375
51.4375,-92.9375
50.9375,-92.9375
49.9375,-92.9375
49.4375,-92.9375
48.9375,-92.9375
48.4375,-92.9375
47.9375,-92.9375
47.4375,-92.9375
46.9375,-92.9375
46.4375,-92.9375
45.9375,-92.9375
45.4375,-92.9375
44.9375,-92.9375
44.4375,-92.9375
43.9375,-92.9375
43.4375,-92.9375
42.9375,-92.9375
42.4375,-92.9375
41.9375,-92.9375
41.4375,-92.9375
40.9375,-92.9375
40.4375,-92.9375
39.9375,-92.9375
39.4375,-92.9375
38.9375,-92.9375
38.4375,-92.9375
37.9375,-92.9375
37.4375,-92.9375
36.9375,-92.9375
36.4375,-92.9375
35.9375,-92.9375
35.4375,-92.9375
34.9375,-92.9375
34.4375,-92.9375
33.9375,-92.9375
33.4375,-92.9375
32.9375,-92.9375
32.4375,-92.9375
31.9375,-92.9375
31.4375,-92.9375
30.9375,-92.9375
30.4375,-92.9375
29.9375,-92.9375
52.9375,-92.4375
52.4375,-92.4375
51.9375,-92.4375
51.4375,-92.4375
50.9375,-92.4375
50.4375,-92.4375
49.9375,-92.4375
49.4375,-92.4375
48.9375,-92.4375
48.4375,-92.4375
47.9375,-92.4375
47.4375,-92.4375
46.9375,-92.4375
46.4375,-92.4375
45.9375,-92.4375
45.4375,-92.4375
44.9375,-92.4375
44.4375,-92.4375
43.9375,-92.4375
43.4375,-92.4375
42.9375,-92.4375
42.4375,-92.4375
41.9375,-92.4375
41.4375,-92.4375
40.9375,-92.4375
40.4375,-92.4375
39.9375,-92.4375
39.4375,-92.4375
38.9375,-92.4375
38.4375,-92.4375
37.9375,-92.4375
37.4375,-92.4375
36.9375,-92.4375
36.4375,-92.4375
35.9375,-92.4375
35.4375,-92.4375
34.9375,-92.4375
34.4375,-92.4375
33.9375,-92.4375
33.4375,-92.4375
32.9375,-92.4375
32.4375,-92.4375
31.9375,-92.4375
31.4375,-92.4375
30.9375,-92.4375
30.4375,-92.4375
29.9375,-92.4375
52.9375,-91.9375
52.4375,-91.9375
51.9375,-91.9375
51.4375,-91.9375
50.9375,-91.9375
49.9375,-91.9375
49.4375,-91.9375
48.9375,-91.9375
48.4375,-91.9375
47.9375,-91.9375
47.4375,-91.9375
46.9375,-91.9375
46.4375,-91.9375
45.9375,-91.9375
45.4375,-91.9375
44.9375,-91.9375
44.4375,-91.9375
43.9375,-91.9375
43.4375,-91.9375
42.9375,-91.9375
42.4375,-91.9375
41.9375,-91.9375
41.4375,-91.9375
40.9375,-91.9375
40.4375,-91.9375
39.9375,-91.9375
39.4375,-91.9375
38.9375,-91.9375
38.4375,-91.9375
37.9375,-91.9375
37.4375,-91.9375
36.9375,-91.9375
36.4375,-91.9375
35.9375,-91.9375
35.4375,-91.9375
34.9375,-91.9375
34.4375,-91.9375
33.9375,-91.9375
33.4375,-91.9375
32.9375,-91.9375
32.4375,-91.9375
31.9375,-91.9375
31.4375,-91.9375
30.9375,-91.9375
30.4375,-91.9375
29.9375,-91.9375
52.9375,-91.4375
52.4375,-91.4375
51.9375,-91.4375
51.4375,-91.4375
50.9375,-91.4375
50.4375,-91.4375
49.9375,-91.4375
49.4375,-91.4375
48.9375,-91.4375
48.4375,-91.4375
47.9375,-91.4375
47.4375,-91.4375
46.4375,-91.4375
45.9375,-91.4375
45.4375,-91.4375
44.9375,-91.4375
44.4375,-91.4375
43.9375,-91.4375
43.4375,-91.4375
42.9375,-91.4375
42.4375,-91.4375
41.9375,-91.4375
41.4375,-91.4375
40.9375,-91.4375
40.4375,-91.4375
39.9375,-91.4375
39.4375,-91.4375
38.9375,-91.4375
38.4375,-91.4375
37.9375,-91.4375
37.4375,-91.4375
36.9375,-91.4375
36.4375,-91.4375
35.9375,-91.4375
35.4375,-91.4375
34.9375,-91.4375
34.4375,-91.4375
33.9375,-91.4375
33.4375,-91.4375
32.9375,-91.4375
32.4375,-91.4375
31.9375,-91.4375
31.4375,-91.4375
30.9375,-91.4375
30.4375,-91.4375
29.9375,-91.4375
52.9375,-90.9375
52.4375,-90.9375
51.9375,-90.9375
51.4375,-90.9375
50.9375,-90.9375
50.4375,-90.9375
49.9375,-90.9375
49.4375,-90.9375
48.9375,-90.9375
48.4375,-90.9375
47.9375,-90.9375
46.9375,-90.9375
46.4375,-90.9375
45.9375,-90.9375
45.4375,-90.9375
44.9375,-90.9375
44.4375,-90.9375
43.9375,-90.9375
43.4375,-90.9375
42.9375,-90.9375
42.4375,-90.9375
41.9375,-90.9375
41.4375,-90.9375
40.9375,-90.9375
40.4375,-90.9375
39.9375,-90.9375
39.4375,-90.9375
38.9375,-90.9375
38.4375,-90.9375
37.9375,-90.9375
37.4375,-90.9375
36.9375,-90.9375
36.4375,-90.9375
35.9375,-90.9375
35.4375,-90.9375
34.9375,-90.9375
34.4375,-90.9375
33.9375,-90.9375
33.4375,-90.9375
32.9375,-90.9375
32.4375,-90.9375
31.9375,-90.9375
31.4375,-90.9375
30.9375,-90.9375
30.4375,-90.9375
29.9375,-90.9375
29.4375,-90.9375
52.9375,-90.4375
52.4375,-90.4375
51.9375,-90.4375
51.4375,-90.4375
50.9375,-90.4375
49.9375,-90.4375
49.4375,-90.4375
48.9375,-90.4375
48.4375,-90.4375
47.9375,-90.4375
46.4375,-90.4375
45.9375,-90.4375
45.4375,-90.4375
44.9375,-90.4375
44.4375,-90.4375
43.9375,-90.4375
43.4375,-90.4375
42.9375,-90.4375
42.4375,-90.4375
41.9375,-90.4375
41.4375,-90.4375
40.9375,-90.4375
40.4375,-90.4375
39.9375,-90.4375
39.4375,-90.4375
38.9375,-90.4375
38.4375,-90.4375
37.9375,-90.4375
37.4375,-90.4375
36.9375,-90.4375
36.4375,-90.4375
35.9375,-90.4375
35.4375,-90.4375
34.9375,-90.4375
34.4375,-90.4375
33.9375,-90.4375
33.4375,-90.4375
32.9375,-90.4375
32.4375,-90.4375
31.9375,-90.4375
31.4375,-90.4375
30.9375,-90.4375
30.4375,-90.4375
29.9375,-90.4375
29.4375,-90.4375
52.9375,-89.9375
52.4375,-89.9375
51.9375,-89.9375
51.4375,-89.9375
50.9375,-89.9375
50.4375,-89.9375
49.9375,-89.9375
49.4375,-89.9375
48.9375,-89.9375
48.4375,-89.9375
47.9375,-89.9375
46.4375,-89.9375
45.9375,-89.9375
45.4375,-89.9375
44.9375,-89.9375
44.4375,-89.9375
43.9375,-89.9375
43.4375,-89.9375
42.9375,-89.9375
42.4375,-89.9375
41.9375,-89.9375
41.4375,-89.9375
40.9375,-89.9375
40.4375,-89.9375
39.9375,-89.9375
39.4375,-89.9375
38.9375,-89.9375
38.4375,-89.9375
37.9375,-89.9375
37.4375,-89.9375
36.9375,-89.9375
36.4375,-89.9375
35.9375,-89.9375
35.4375,-89.9375
34.9375,-89.9375
34.4375,-89.9375
33.9375,-89.9375
33.4375,-89.9375
32.9375,-89.9375
32.4375,-89.9375
31.9375,-89.9375
31.4375,-89.9375
30.9375,-89.9375
30.4375,-89.9375
29.9375,-89.9375
52.9375,-89.4375
52.4375,-89.4375
51.9375,-89.4375
51.4375,-89.4375
50.9375,-89.4375
50.4375,-89.4375
49.9375,-89.4375
49.4375,-89.4375
48.9375,-89.4375
48.4375,-89.4375
46.4375,-89.4375
45.9375,-89.4375
45.4375,-89.4375
44.9375,-89.4375
44.4375,-89.4375
43.9375,-89.4375
43.4375,-89.4375
42.9375,-89.4375
42.4375,-89.4375
41.9375,-89.4375
41.4375,-89.4375
40.9375,-89.4375
40.4375,-89.4375
39.9375,-89.4375
39.4375,-89.4375
38.9375,-89.4375
38.4375,-89.4375
37.9375,-89.4375
37.4375,-89.4375
36.9375,-89.4375
36.4375,-89.4375
35.9375,-89.4375
35.4375,-89.4375
34.9375,-89.4375
34.4375,-89.4375
33.9375,-89.4375
33.4375,-89.4375
32.9375,-89.4375
32.4375,-89.4375
31.9375,-89.4375
31.4375,-89.4375
30.9375,-89.4375
30.4375,-89.4375
29.9375,-89.4375
52.9375,-88.9375
52.4375,-88.9375
51.9375,-88.9375
51.4375,-88.9375
50.9375,-88.9375
50.4375,-88.9375
49.9375,-88.9375
49.4375,-88.9375
48.9375,-88.9375
47.9375,-88.9375
46.9375,-88.9375
46.4375,-88.9375
45.9375,-88.9375
45.4375,-88.9375
44.9375,-88.9375
44.4375,-88.9375
43.9375,-88.9375
43.4375,-88.9375
42.9375,-88.9375
42.4375,-88.9375
41.9375,-88.9375
41.4375,-88.9375
40.9375,-88.9375
40.4375,-88.9375
39.9375,-88.9375
39.4375,-88.9375
38.9375,-88.9375
38.4375,-88.9375
37.9375,-88.9375
37.4375,-88.9375
36.9375,-88.9375
36.4375,-88.9375
35.9375,-88.9375
35.4375,-88.9375
34.9375,-88.9375
34.4375,-88.9375
33.9375,-88.9375
33.4375,-88.9375
32.9375,-88.9375
32.4375,-88.9375
31.9375,-88.9375
31.4375,-88.9375
30.9375,-88.9375
30.4375,-88.9375
52.9375,-88.4375
52.4375,-88.4375
51.9375,-88.4375
51.4375,-88.4375
50.9375,-88.4375
50.4375,-88.4375
48.9375,-88.4375
46.4375,-88.4375
45.9375,-88.4375
45.4375,-88.4375
44.9375,-88.4375
44.4375,-88.4375
43.4375,-88.4375
42.9375,-88.4375
42.4375,-88.4375
41.9375,-88.4375
41.4375,-88.4375
40.9375,-88.4375
40.4375,-88.4375
39.9375,-88.4375
39.4375,-88.4375
38.9375,-88.4375
38.4375,-88.4375
37.9375,-88.4375
37.4375,-88.4375
36.9375,-88.4375
36.4375,-88.4375
35.9375,-88.4375
35.4375,-88.4375
34.9375,-88.4375
34.4375,-88.4375
33.9375,-88.4375
33.4375,-88.4375
32.9375,-88.4375
32.4375,-88.4375
31.9375,-88.4375
31.4375,-88.4375
30.9375,-88.4375
30.4375,-88.4375
52.9375,-87.9375
52.4375,-87.9375
51.9375,-87.9375
51.4375,-87.9375
50.9375,-87.9375
50.4375,-87.9375
49.9375,-87.9375
49.4375,-87.9375
48.9375,-87.9375
47.4375,-87.9375
46.4375,-87.9375
45.9375,-87.9375
45.4375,-87.9375
44.9375,-87.9375
44.4375,-87.9375
43.9375,-87.9375
43.4375,-87.9375
42.9375,-87.9375
42.4375,-87.9375
41.9375,-87.9375
41.4375,-87.9375
40.9375,-87.9375
40.4375,-87.9375
39.9375,-87.9375
39.4375,-87.9375
38.9375,-87.9375
38.4375,-87.9375
37.9375,-87.9375
37.4375,-87.9375
36.9375,-87.9375
36.4375,-87.9375
35.9375,-87.9375
35.4375,-87.9375
34.9375,-87.9375
34.4375,-87.9375
33.9375,-87.9375
33.4375,-87.9375
32.9375,-87.9375
32.4375,-87.9375
31.9375,-87.9375
31.4375,-87.9375
30.9375,-87.9375
52.4375,-87.4375
51.9375,-87.4375
51.4375,-87.4375
50.9375,-87.4375
50.4375,-87.4375
49.9375,-87.4375
49.4375,-87.4375
48.9375,-87.4375
46.4375,-87.4375
45.9375,-87.4375
45.4375,-87.4375
41.4375,-87.4375
40.9375,-87.4375
40.4375,-87.4375
39.9375,-87.4375
39.4375,-87.4375
38.9375,-87.4375
38.4375,-87.4375
37.9375,-87.4375
37.4375,-87.4375
36.9375,-87.4375
36.4375,-87.4375
35.9375,-87.4375
35.4375,-87.4375
34.9375,-87.4375
34.4375,-87.4375
33.9375,-87.4375
33.4375,-87.4375
32.9375,-87.4375
32.4375,-87.4375
31.9375,-87.4375
31.4375,-87.4375
30.9375,-87.4375
30.4375,-87.4375
52.9375,-86.9375
52.4375,-86.9375
51.9375,-86.9375
51.4375,-86.9375
50.9375,-86.9375
50.4375,-86.9375
49.9375,-86.9375
49.4375,-86.9375
48.9375,-86.9375
46.4375,-86.9375
45.9375,-86.9375
41.4375,-86.9375
40.9375,-86.9375
40.4375,-86.9375
39.9375,-86.9375
39.4375,-86.9375
38.9375,-86.9375
38.4375,-86.9375
37.9375,-86.9375
37.4375,-86.9375
36.9375,-86.9375
36.4375,-86.9375
35.9375,-86.9375
35.4375,-86.9375
34.9375,-86.9375
34.4375,-86.9375
33.9375,-86.9375
33.4375,-86.9375
32.9375,-86.9375
32.4375,-86.9375
31.9375,-86.9375
31.4375,-86.9375
30.9375,-86.9375
30.4375,-86.9375
52.9375,-86.4375
52.4375,-86.4375
51.9375,-86.4375
51.4375,-86.4375
50.9375,-86.4375
50.4375,-86.4375
49.9375,-86.4375
49.4375,-86.4375
48.9375,-86.4375
46.4375,-86.4375
45.9375,-86.4375
43.9375,-86.4375
41.9375,-86.4375
41.4375,-86.4375
40.9375,-86.4375
40.4375,-86.4375
39.9375,-86.4375
39.4375,-86.4375
38.9375,-86.4375
38.4375,-86.4375
37.9375,-86.4375
37.4375,-86.4375
36.9375,-86.4375
36.4375,-86.4375
35.9375,-86.4375
35.4375,-86.4375
34.9375,-86.4375
34.4375,-86.4375
33.9375,-86.4375
33.4375,-86.4375
32.9375,-86.4375
32.4375,-86.4375
31.9375,-86.4375
31.4375,-86.4375
30.9375,-86.4375
52.9375,-85.9375
52.4375,-85.9375
51.9375,-85.9375
51.4375,-85.9375
50.9375,-85.9375
50.4375,-85.9375
49.9375,-85.9375
49.4375,-85.9375
48.9375,-85.9375
48.4375,-85.9375
46.4375,-85.9375
44.9375,-85.9375
44.4375,-85.9375
43.9375,-85.9375
43.4375,-85.9375
42.9375,-85.9375
42.4375,-85.9375
41.9375,-85.9375
41.4375,-85.9375
40.9375,-85.9375
40.4375,-85.9375
39.9375,-85.9375
39.4375,-85.9375
38.9375,-85.9375
38.4375,-85.9375
37.9375,-85.9375
37.4375,-85.9375
36.9375,-85.9375
36.4375,-85.9375
35.9375,-85.9375
35.4375,-85.9375
34.9375,-85.9375
34.4375,-85.9375
33.9375,-85.9375
33.4375,-85.9375
32.9375,-85.9375
32.4375,-85.9375
31.9375,-85.9375
31.4375,-85.9375
30.9375,-85.9375
30.4375,-85.9375
52.9375,-85.4375
52.4375,-85.4375
51.9375,-85.4375
51.4375,-85.4375
50.9375,-85.4375
50.4375,-85.4375
49.9375,-85.4375
49.4375,-85.4375
48.9375,-85.4375
48.4375,-85.4375
47.9375,-85.4375
46.4375,-85.4375
44.4375,-85.4375
43.9375,-85.4375
43.4375,-85.4375
42.9375,-85.4375
42.4375,-85.4375
41.9375,-85.4375
41.4375,-85.4375
40.9375,-85.4375
40.4375,-85.4375
39.9375,-85.4375
39.4375,-85.4375
38.9375,-85.4375
38.4375,-85.4375
37.9375,-85.4375
37.4375,-85.4375
36.9375,-85.4375
36.4375,-85.4375
35.9375,-85.4375
35.4375,-85.4375
34.9375,-85.4375
34.4375,-85.4375
33.9375,-85.4375
33.4375,-85.4375
32.9375,-85.4375
32.4375,-85.4375
31.9375,-85.4375
31.4375,-85.4375
30.9375,-85.4375
30.4375,-85.4375
52.9375,-84.9375
52.4375,-84.9375
51.9375,-84.9375
51.4375,-84.9375
50.9375,-84.9375
50.4375,-84.9375
49.9375,-84.9375
49.4375,-84.9375
48.9375,-84.9375
48.4375,-84.9375
46.4375,-84.9375
45.4375,-84.9375
44.9375,-84.9375
44.4375,-84.9375
43.9375,-84.9375
43.4375,-84.9375
42.9375,-84.9375
42.4375,-84.9375
41.9375,-84.9375
41.4375,-84.9375
40.9375,-84.9375
40.4375,-84.9375
39.9375,-84.9375
39.4375,-84.9375
38.9375,-84.9375
38.4375,-84.9375
37.9375,-84.9375
37.4375,-84.9375
36.9375,-84.9375
36.4375,-84.9375
35.9375,-84.9375
35.4375,-84.9375
34.9375,-84.9375
34.4375,-84.9375
33.9375,-84.9375
33.4375,-84.9375
32.9375,-84.9375
32.4375,-84.9375
31.9375,-84.9375
31.4375,-84.9375
30.9375,-84.9375
30.4375,-84.9375
29.9375,-84.9375
52.9375,-84.4375
52.4375,-84.4375
51.9375,-84.4375
51.4375,-84.4375
50.9375,-84.4375
50.4375,-84.4375
49.9375,-84.4375
49.4375,-84.4375
48.4375,-84.4375
47.9375,-84.4375
47.4375,-84.4375
46.9375,-84.4375
46.4375,-84.4375
45.4375,-84.4375
44.9375,-84.4375
44.4375,-84.4375
43.9375,-84.4375
43.4375,-84.4375
42.9375,-84.4375
42.4375,-84.4375
41.9375,-84.4375
41.4375,-84.4375
40.9375,-84.4375
40.4375,-84.4375
39.9375,-84.4375
39.4375,-84.4375
38.9375,-84.4375
38.4375,-84.4375
37.9375,-84.4375
37.4375,-84.4375
36.9375,-84.4375
36.4375,-84.4375
35.9375,-84.4375
35.4375,-84.4375
34.9375,-84.4375
34.4375,-84.4375
33.9375,-84.4375
33.4375,-84.4375
32.9375,-84.4375
32.4375,-84.4375
31.9375,-84.4375
31.4375,-84.4375
30.9375,-84.4375
30.4375,-84.4375
52.9375,-83.9375
52.4375,-83.9375
51.9375,-83.9375
51.4375,-83.9375
50.9375,-83.9375
50.4375,-83.9375
49.9375,-83.9375
49.4375,-83.9375
48.9375,-83.9375
48.4375,-83.9375
47.9375,-83.9375
47.4375,-83.9375
46.9375,-83.9375
46.4375,-83.9375
45.4375,-83.9375
44.9375,-83.9375
44.4375,-83.9375
43.9375,-83.9375
43.4375,-83.9375
42.9375,-83.9375
42.4375,-83.9375
41.9375,-83.9375
41.4375,-83.9375
40.9375,-83.9375
40.4375,-83.9375
39.9375,-83.9375
39.4375,-83.9375
38.9375,-83.9375
38.4375,-83.9375
37.9375,-83.9375
37.4375,-83.9375
36.9375,-83.9375
36.4375,-83.9375
35.9375,-83.9375
35.4375,-83.9375
34.9375,-83.9375
34.4375,-83.9375
33.9375,-83.9375
33.4375,-83.9375
32.9375,-83.9375
32.4375,-83.9375
31.9375,-83.9375
31.4375,-83.9375
30.9375,-83.9375
30.4375,-83.9375
52.9375,-83.4375
52.4375,-83.4375
51.9375,-83.4375
51.4375,-83.4375
50.9375,-83.4375
50.4375,-83.4375
49.9375,-83.4375
49.4375,-83.4375
48.9375,-83.4375
48.4375,-83.4375
47.9375,-83.4375
47.4375,-83.4375
46.9375,-83.4375
46.4375,-83.4375
45.9375,-83.4375
44.9375,-83.4375
44.4375,-83.4375
43.4375,-83.4375
42.9375,-83.4375
42.4375,-83.4375
41.9375,-83.4375
41.4375,-83.4375
40.9375,-83.4375
40.4375,-83.4375
39.9375,-83.4375
39.4375,-83.4375
38.9375,-83.4375
38.4375,-83.4375
37.9375,-83.4375
37.4375,-83.4375
36.9375,-83.4375
36.4375,-83.4375
35.9375,-83.4375
35.4375,-83.4375
34.9375,-83.4375
34.4375,-83.4375
33.9375,-83.4375
33.4375,-83.4375
32.9375,-83.4375
32.4375,-83.4375
31.9375,-83.4375
31.4375,-83.4375
30.9375,-83.4375
30.4375,-83.4375
29.9375,-83.4375
52.9375,-82.9375
52.4375,-82.9375
51.9375,-82.9375
51.4375,-82.9375
50.9375,-82.9375
50.4375,-82.9375
49.9375,-82.9375
49.4375,-82.9375
48.9375,-82.9375
48.4375,-82.9375
47.9375,-82.9375
47.4375,-82.9375
46.9375,-82.9375
46.4375,-82.9375
45.9375,-82.9375
43.9375,-82.9375
43.4375,-82.9375
42.9375,-82.9375
42.4375,-82.9375
41.4375,-82.9375
40.9375,-82.9375
40.4375,-82.9375
39.9375,-82.9375
39.4375,-82.9375
38.9375,-82.9375
38.4375,-82.9375
37.9375,-82.9375
37.4375,-82.9375
36.9375,-82.9375
36.4375,-82.9375
35.9375,-82.9375
35.4375,-82.9375
34.9375,-82.9375
34.4375,-82.9375
33.9375,-82.9375
33.4375,-82.9375
32.9375,-82.9375
32.4375,-82.9375
31.9375,-82.9375
31.4375,-82.9375
30.9375,-82.9375
30.4375,-82.9375
29.9375,-82.9375
29.4375,-82.9375
52.9375,-82.4375
52.4375,-82.4375
51.9375,-82.4375
51.4375,-82.4375
50.9375,-82.4375
50.4375,-82.4375
49.9375,-82.4375
49.4375,-82.4375
48.9375,-82.4375
48.4375,-82.4375
47.9375,-82.4375
47.4375,-82.4375
46.9375,-82.4375
46.4375,-82.4375
45.9375,-82.4375
42.9375,-82.4375
40.9375,-82.4375
40.4375,-82.4375
39.9375,-82.4375
39.4375,-82.4375
38.9375,-82.4375
38.4375,-82.4375
37.9375,-82.4375
37.4375,-82.4375
36.9375,-82.4375
36.4375,-82.4375
35.9375,-82.4375
35.4375,-82.4375
34.9375,-82.4375
34.4375,-82.4375
33.9375,-82.4375
33.4375,-82.4375
32.9375,-82.4375
32.4375,-82.4375
31.9375,-82.4375
31.4375,-82.4375
30.9375,-82.4375
30.4375,-82.4375
29.9375,-82.4375
29.4375,-82.4375
28.9375,-82.4375
28.4375,-82.4375
27.9375,-82.4375
27.4375,-82.4375
52.4375,-81.9375
51.9375,-81.9375
51.4375,-81.9375
50.9375,-81.9375
50.4375,-81.9375
49.9375,-81.9375
49.4375,-81.9375
48.9375,-81.9375
48.4375,-81.9375
47.9375,-81.9375
47.4375,-81.9375
46.9375,-81.9375
46.4375,-81.9375
45.9375,-81.9375
42.9375,-81.9375
42.4375,-81.9375
41.4375,-81.9375
40.9375,-81.9375
40.4375,-81.9375
39.9375,-81.9375
39.4375,-81.9375
38.9375,-81.9375
38.4375,-81.9375
37.9375,-81.9375
37.4375,-81.9375
36.9375,-81.9375
36.4375,-81.9375
35.9375,-81.9375
35.4375,-81.9375
34.9375,-81.9375
34.4375,-81.9375
33.9375,-81.9375
33.4375,-81.9375
32.9375,-81.9375
32.4375,-81.9375
31.9375,-81.9375
31.4375,-81.9375
30.9375,-81.9375
30.4375,-81.9375
29.9375,-81.9375
29.4375,-81.9375
28.9375,-81.9375
28.4375,-81.9375
27.9375,-81.9375
27.4375,-81.9375
26.9375,-81.9375
52.9375,-81.4375
51.9375,-81.4375
51.4375,-81.4375
50.9375,-81.4375
50.4375,-81.4375
49.9375,-81.4375
49.4375,-81.4375
48.9375,-81.4375
48.4375,-81.4375
47.9375,-81.4375
47.4375,-81.4375
46.9375,-81.4375
46.4375,-81.4375
43.9375,-81.4375
43.4375,-81.4375
42.9375,-81.4375
41.4375,-81.4375
40.9375,-81.4375
40.4375,-81.4375
39.9375,-81.4375
39.4375,-81.4375
38.9375,-81.4375
38.4375,-81.4375
37.9375,-81.4375
37.4375,-81.4375
36.9375,-81.4375
36.4375,-81.4375
35.9375,-81.4375
35.4375,-81.4375
34.9375,-81.4375
34.4375,-81.4375
33.9375,-81.4375
33.4375,-81.4375
32.9375,-81.4375
32.4375,-81.4375
31.9375,-81.4375
31.4375,-81.4375
30.4375,-81.4375
29.9375,-81.4375
29.4375,-81.4375
28.9375,-81.4375
28.4375,-81.4375
27.9375,-81.4375
27.4375,-81.4375
26.9375,-81.4375
26.4375,-81.4375
25.9375,-81.4375
52.9375,-80.9375
51.9375,-80.9375
51.4375,-80.9375
50.9375,-80.9375
50.4375,-80.9375
49.9375,-80.9375
49.4375,-80.9375
48.9375,-80.9375
48.4375,-80.9375
47.9375,-80.9375
47.4375,-80.9375
46.9375,-80.9375
46.4375,-80.9375
45.9375,-80.9375
44.4375,-80.9375
43.9375,-80.9375
43.4375,-80.9375
42.9375,-80.9375
41.4375,-80.9375
40.9375,-80.9375
40.4375,-80.9375
39.9375,-80.9375
39.4375,-80.9375
38.9375,-80.9375
38.4375,-80.9375
37.9375,-80.9375
37.4375,-80.9375
36.9375,-80.9375
36.4375,-80.9375
35.9375,-80.9375
35.4375,-80.9375
34.9375,-80.9375
34.4375,-80.9375
33.9375,-80.9375
33.4375,-80.9375
32.9375,-80.9375
32.4375,-80.9375
28.9375,-80.9375
28.4375,-80.9375
27.9375,-80.9375
27.4375,-80.9375
26.4375,-80.9375
25.9375,-80.9375
25.4375,-80.9375
50.9375,-80.4375
50.4375,-80.4375
49.9375,-80.4375
49.4375,-80.4375
48.9375,-80.4375
48.4375,-80.4375
47.9375,-80.4375
47.4375,-80.4375
46.9375,-80.4375
46.4375,-80.4375
45.9375,-80.4375
44.4375,-80.4375
43.9375,-80.4375
43.4375,-80.4375
42.9375,-80.4375
41.9375,-80.4375
41.4375,-80.4375
40.9375,-80.4375
40.4375,-80.4375
39.9375,-80.4375
39.4375,-80.4375
38.9375,-80.4375
38.4375,-80.4375
37.9375,-80.4375
37.4375,-80.4375
36.9375,-80.4375
36.4375,-80.4375
35.9375,-80.4375
35.4375,-80.4375
34.9375,-80.4375
34.4375,-80.4375
33.9375,-80.4375
33.4375,-80.4375
32.9375,-80.4375
27.4375,-80.4375
26.9375,-80.4375
26.4375,-80.4375
25.9375,-80.4375
25.4375,-80.4375
50.9375,-79.9375
50.4375,-79.9375
49.9375,-79.9375
49.4375,-79.9375
48.9375,-79.9375
48.4375,-79.9375
47.9375,-79.9375
47.4375,-79.9375
46.9375,-79.9375
46.4375,-79.9375
45.9375,-79.9375
45.4375,-79.9375
44.4375,-79.9375
43.9375,-79.9375
43.4375,-79.9375
42.9375,-79.9375
41.9375,-79.9375
41.4375,-79.9375
40.9375,-79.9375
40.4375,-79.9375
39.9375,-79.9375
39.4375,-79.9375
38.9375,-79.9375
38.4375,-79.9375
37.9375,-79.9375
37.4375,-79.9375
36.9375,-79.9375
36.4375,-79.9375
35.9375,-79.9375
35.4375,-79.9375
34.9375,-79.9375
34.4375,-79.9375
33.9375,-79.9375
33.4375,-79.9375
32.9375,-79.9375
51.9375,-79.4375
51.4375,-79.4375
50.9375,-79.4375
50.4375,-79.4375
49.9375,-79.4375
49.4375,-79.4375
48.9375,-79.4375
48.4375,-79.4375
47.9375,-79.4375
47.4375,-79.4375
46.9375,-79.4375
46.4375,-79.4375
45.9375,-79.4375
45.4375,-79.4375
44.9375,-79.4375
43.9375,-79.4375
42.9375,-79.4375
41.9375,-79.4375
41.4375,-79.4375
40.9375,-79.4375
40.4375,-79.4375
39.9375,-79.4375
39.4375,-79.4375
38.9375,-79.4375
38.4375,-79.4375
37.9375,-79.4375
37.4375,-79.4375
36.9375,-79.4375
36.4375,-79.4375
35.9375,-79.4375
35.4375,-79.4375
34.9375,-79.4375
34.4375,-79.4375
33.9375,-79.4375
33.4375,-79.4375
50.9375,-78.9375
50.4375,-78.9375
49.9375,-78.9375
49.4375,-78.9375
48.9375,-78.9375
48.4375,-78.9375
47.9375,-78.9375
47.4375,-78.9375
46.9375,-78.9375
46.4375,-78.9375
45.9375,-78.9375
45.4375,-78.9375
44.9375,-78.9375
44.4375,-78.9375
43.9375,-78.9375
42.9375,-78.9375
42.4375,-78.9375
41.9375,-78.9375
41.4375,-78.9375
40.9375,-78.9375
40.4375,-78.9375
39.9375,-78.9375
39.4375,-78.9375
38.9375,-78.9375
38.4375,-78.9375
37.9375,-78.9375
37.4375,-78.9375
36.9375,-78.9375
36.4375,-78.9375
35.9375,-78.9375
35.4375,-78.9375
34.9375,-78.9375
34.4375,-78.9375
33.9375,-78.9375
52.9375,-78.4375
52.4375,-78.4375
51.9375,-78.4375
51.4375,-78.4375
50.9375,-78.4375
50.4375,-78.4375
49.9375,-78.4375
49.4375,-78.4375
48.9375,-78.4375
48.4375,-78.4375
47.9375,-78.4375
47.4375,-78.4375
46.9375,-78.4375
46.4375,-78.4375
45.9375,-78.4375
45.4375,-78.4375
44.9375,-78.4375
44.4375,-78.4375
43.9375,-78.4375
42.9375,-78.4375
42.4375,-78.4375
41.9375,-78.4375
41.4375,-78.4375
40.9375,-78.4375
40.4375,-78.4375
39.9375,-78.4375
39.4375,-78.4375
38.9375,-78.4375
38.4375,-78.4375
37.9375,-78.4375
37.4375,-78.4375
36.9375,-78.4375
36.4375,-78.4375
35.9375,-78.4375
35.4375,-78.4375
34.9375,-78.4375
34.4375,-78.4375
33.9375,-78.4375
52.9375,-77.9375
52.4375,-77.9375
51.9375,-77.9375
51.4375,-77.9375
50.9375,-77.9375
50.4375,-77.9375
49.9375,-77.9375
49.4375,-77.9375
48.9375,-77.9375
48.4375,-77.9375
47.9375,-77.9375
47.4375,-77.9375
46.9375,-77.9375
46.4375,-77.9375
45.9375,-77.9375
45.4375,-77.9375
44.9375,-77.9375
44.4375,-77.9375
42.9375,-77.9375
42.4375,-77.9375
41.9375,-77.9375
41.4375,-77.9375
40.9375,-77.9375
40.4375,-77.9375
39.9375,-77.9375
39.4375,-77.9375
38.9375,-77.9375
38.4375,-77.9375
37.9375,-77.9375
37.4375,-77.9375
36.9375,-77.9375
36.4375,-77.9375
35.9375,-77.9375
35.4375,-77.9375
34.9375,-77.9375
34.4375,-77.9375
52.9375,-77.4375
52.4375,-77.4375
51.9375,-77.4375
51.4375,-77.4375
50.9375,-77.4375
50.4375,-77.4375
49.9375,-77.4375
49.4375,-77.4375
48.9375,-77.4375
48.4375,-77.4375
47.9375,-77.4375
47.4375,-77.4375
46.9375,-77.4375
46.4375,-77.4375
45.9375,-77.4375
45.4375,-77.4375
44.9375,-77.4375
44.4375,-77.4375
43.9375,-77.4375
42.9375,-77.4375
42.4375,-77.4375
41.9375,-77.4375
41.4375,-77.4375
40.9375,-77.4375
40.4375,-77.4375
39.9375,-77.4375
39.4375,-77.4375
38.9375,-77.4375
38.4375,-77.4375
37.9375,-77.4375
37.4375,-77.4375
36.9375,-77.4375
36.4375,-77.4375
35.9375,-77.4375
35.4375,-77.4375
34.9375,-77.4375
52.9375,-76.9375
52.4375,-76.9375
51.9375,-76.9375
51.4375,-76.9375
50.4375,-76.9375
49.9375,-76.9375
49.4375,-76.9375
48.9375,-76.9375
48.4375,-76.9375
47.9375,-76.9375
47.4375,-76.9375
46.9375,-76.9375
46.4375,-76.9375
45.9375,-76.9375
45.4375,-76.9375
44.9375,-76.9375
44.4375,-76.9375
42.9375,-76.9375
42.4375,-76.9375
41.9375,-76.9375
41.4375,-76.9375
40.9375,-76.9375
40.4375,-76.9375
39.9375,-76.9375
39.4375,-76.9375
38.9375,-76.9375
38.4375,-76.9375
37.9375,-76.9375
37.4375,-76.9375
36.9375,-76.9375
36.4375,-76.9375
35.9375,-76.9375
35.4375,-76.9375
34.9375,-76.9375
52.9375,-76.4375
51.9375,-76.4375
51.4375,-76.4375
50.9375,-76.4375
50.4375,-76.4375
49.9375,-76.4375
49.4375,-76.4375
48.9375,-76.4375
48.4375,-76.4375
47.9375,-76.4375
47.4375,-76.4375
46.9375,-76.4375
46.4375,-76.4375
45.9375,-76.4375
45.4375,-76.4375
44.9375,-76.4375
44.4375,-76.4375
43.4375,-76.4375
42.9375,-76.4375
42.4375,-76.4375
41.9375,-76.4375
41.4375,-76.4375
40.9375,-76.4375
40.4375,-76.4375
39.9375,-76.4375
39.4375,-76.4375
37.9375,-76.4375
37.4375,-76.4375
36.4375,-76.4375
35.9375,-76.4375
35.4375,-76.4375
34.9375,-76.4375
52.9375,-75.9375
52.4375,-75.9375
51.9375,-75.9375
51.4375,-75.9375
50.9375,-75.9375
50.4375,-75.9375
49.9375,-75.9375
49.4375,-75.9375
48.9375,-75.9375
48.4375,-75.9375
47.9375,-75.9375
47.4375,-75.9375
46.9375,-75.9375
46.4375,-75.9375
45.9375,-75.9375
45.4375,-75.9375
44.9375,-75.9375
44.4375,-75.9375
43.9375,-75.9375
43.4375,-75.9375
42.9375,-75.9375
42.4375,-75.9375
41.9375,-75.9375
41.4375,-75.9375
40.9375,-75.9375
40.4375,-75.9375
39.9375,-75.9375
39.4375,-75.9375
38.9375,-75.9375
38.4375,-75.9375
37.4375,-75.9375
52.9375,-75.4375
52.4375,-75.4375
51.9375,-75.4375
51.4375,-75.4375
50.9375,-75.4375
50.4375,-75.4375
49.9375,-75.4375
49.4375,-75.4375
48.9375,-75.4375
48.4375,-75.4375
47.9375,-75.4375
47.4375,-75.4375
46.9375,-75.4375
46.4375,-75.4375
45.9375,-75.4375
45.4375,-75.4375
44.9375,-75.4375
44.4375,-75.4375
43.9375,-75.4375
43.4375,-75.4375
42.9375,-75.4375
42.4375,-75.4375
41.9375,-75.4375
41.4375,-75.4375
40.9375,-75.4375
40.4375,-75.4375
39.9375,-75.4375
39.4375,-75.4375
38.9375,-75.4375
38.4375,-75.4375
37.9375,-75.4375
52.9375,-74.9375
52.4375,-74.9375
51.9375,-74.9375
51.4375,-74.9375
50.9375,-74.9375
50.4375,-74.9375
49.9375,-74.9375
49.4375,-74.9375
48.9375,-74.9375
48.4375,-74.9375
47.9375,-74.9375
47.4375,-74.9375
46.9375,-74.9375
46.4375,-74.9375
45.9375,-74.9375
45.4375,-74.9375
44.9375,-74.9375
44.4375,-74.9375
43.9375,-74.9375
43.4375,-74.9375
42.9375,-74.9375
42.4375,-74.9375
41.9375,-74.9375
41.4375,-74.9375
40.9375,-74.9375
40.4375,-74.9375
39.9375,-74.9375
39.4375,-74.9375
52.9375,-74.4375
52.4375,-74.4375
51.9375,-74.4375
51.4375,-74.4375
50.9375,-74.4375
50.4375,-74.4375
49.9375,-74.4375
49.4375,-74.4375
48.9375,-74.4375
48.4375,-74.4375
47.9375,-74.4375
47.4375,-74.4375
46.9375,-74.4375
46.4375,-74.4375
45.9375,-74.4375
45.4375,-74.4375
44.9375,-74.4375
44.4375,-74.4375
43.9375,-74.4375
43.4375,-74.4375
42.9375,-74.4375
42.4375,-74.4375
41.9375,-74.4375
41.4375,-74.4375
40.9375,-74.4375
40.4375,-74.4375
39.9375,-74.4375
39.4375,-74.4375
52.9375,-73.9375
52.4375,-73.9375
51.9375,-73.9375
51.4375,-73.9375
50.9375,-73.9375
50.4375,-73.9375
49.9375,-73.9375
49.4375,-73.9375
48.9375,-73.9375
48.4375,-73.9375
47.9375,-73.9375
47.4375,-73.9375
46.9375,-73.9375
46.4375,-73.9375
45.9375,-73.9375
44.9375,-73.9375
44.4375,-73.9375
43.9375,-73.9375
43.4375,-73.9375
42.9375,-73.9375
42.4375,-73.9375
41.9375,-73.9375
41.4375,-73.9375
40.9375,-73.9375
52.9375,-73.4375
52.4375,-73.4375
51.9375,-73.4375
51.4375,-73.4375
50.9375,-73.4375
50.4375,-73.4375
49.9375,-73.4375
49.4375,-73.4375
48.9375,-73.4375
48.4375,-73.4375
47.9375,-73.4375
47.4375,-73.4375
46.9375,-73.4375
46.4375,-73.4375
45.9375,-73.4375
45.4375,-73.4375
44.9375,-73.4375
44.4375,-73.4375
43.9375,-73.4375
43.4375,-73.4375
42.9375,-73.4375
42.4375,-73.4375
41.9375,-73.4375
41.4375,-73.4375
52.9375,-72.9375
52.4375,-72.9375
51.9375,-72.9375
51.4375,-72.9375
50.9375,-72.9375
50.4375,-72.9375
49.9375,-72.9375
49.4375,-72.9375
48.9375,-72.9375
48.4375,-72.9375
47.9375,-72.9375
47.4375,-72.9375
46.9375,-72.9375
46.4375,-72.9375
45.9375,-72.9375
45.4375,-72.9375
44.9375,-72.9375
44.4375,-72.9375
43.9375,-72.9375
43.4375,-72.9375
42.9375,-72.9375
42.4375,-72.9375
41.9375,-72.9375
41.4375,-72.9375
40.9375,-72.9375
52.9375,-72.4375
52.4375,-72.4375
51.9375,-72.4375
51.4375,-72.4375
50.9375,-72.4375
50.4375,-72.4375
49.9375,-72.4375
49.4375,-72.4375
48.9375,-72.4375
48.4375,-72.4375
47.9375,-72.4375
47.4375,-72.4375
46.9375,-72.4375
46.4375,-72.4375
45.9375,-72.4375
45.4375,-72.4375
44.9375,-72.4375
44.4375,-72.4375
43.9375,-72.4375
43.4375,-72.4375
42.9375,-72.4375
42.4375,-72.4375
41.9375,-72.4375
41.4375,-72.4375
52.9375,-71.9375
52.4375,-71.9375
51.9375,-71.9375
51.4375,-71.9375
50.9375,-71.9375
50.4375,-71.9375
49.9375,-71.9375
49.4375,-71.9375
48.9375,-71.9375
47.9375,-71.9375
47.4375,-71.9375
46.9375,-71.9375
46.4375,-71.9375
45.9375,-71.9375
45.4375,-71.9375
44.9375,-71.9375
44.4375,-71.9375
43.9375,-71.9375
43.4375,-71.9375
42.9375,-71.9375
42.4375,-71.9375
41.9375,-71.9375
41.4375,-71.9375
52.9375,-71.4375
52.4375,-71.4375
51.9375,-71.4375
51.4375,-71.4375
50.9375,-71.4375
50.4375,-71.4375
49.9375,-71.4375
49.4375,-71.4375
48.9375,-71.4375
48.4375,-71.4375
47.9375,-71.4375
47.4375,-71.4375
46.9375,-71.4375
46.4375,-71.4375
45.9375,-71.4375
45.4375,-71.4375
44.9375,-71.4375
44.4375,-71.4375
43.9375,-71.4375
43.4375,-71.4375
42.9375,-71.4375
42.4375,-71.4375
41.9375,-71.4375
52.9375,-70.9375
52.4375,-70.9375
51.9375,-70.9375
51.4375,-70.9375
50.9375,-70.9375
50.4375,-70.9375
49.9375,-70.9375
49.4375,-70.9375
48.9375,-70.9375
48.4375,-70.9375
47.9375,-70.9375
47.4375,-70.9375
46.9375,-70.9375
46.4375,-70.9375
45.9375,-70.9375
45.4375,-70.9375
44.9375,-70.9375
44.4375,-70.9375
43.9375,-70.9375
43.4375,-70.9375
42.9375,-70.9375
41.9375,-70.9375
52.9375,-70.4375
52.4375,-70.4375
51.9375,-70.4375
51.4375,-70.4375
50.9375,-70.4375
50.4375,-70.4375
49.9375,-70.4375
49.4375,-70.4375
48.9375,-70.4375
48.4375,-70.4375
47.9375,-70.4375
47.4375,-70.4375
46.9375,-70.4375
46.4375,-70.4375
45.9375,-70.4375
45.4375,-70.4375
44.9375,-70.4375
44.4375,-70.4375
43.9375,-70.4375
43.4375,-70.4375
52.9375,-69.9375
52.4375,-69.9375
51.9375,-69.9375
51.4375,-69.9375
50.9375,-69.9375
50.4375,-69.9375
49.9375,-69.9375
49.4375,-69.9375
48.9375,-69.9375
48.4375,-69.9375
47.9375,-69.9375
47.4375,-69.9375
46.9375,-69.9375
46.4375,-69.9375
45.9375,-69.9375
45.4375,-69.9375
44.9375,-69.9375
44.4375,-69.9375
43.9375,-69.9375
52.9375,-69.4375
52.4375,-69.4375
51.9375,-69.4375
51.4375,-69.4375
50.9375,-69.4375
50.4375,-69.4375
49.9375,-69.4375
49.4375,-69.4375
48.9375,-69.4375
48.4375,-69.4375
47.9375,-69.4375
47.4375,-69.4375
46.9375,-69.4375
46.4375,-69.4375
45.9375,-69.4375
45.4375,-69.4375
44.9375,-69.4375
44.4375,-69.4375
52.9375,-68.9375
52.4375,-68.9375
51.9375,-68.9375
51.4375,-68.9375
50.9375,-68.9375
50.4375,-68.9375
49.9375,-68.9375
49.4375,-68.9375
48.9375,-68.9375
47.9375,-68.9375
47.4375,-68.9375
46.9375,-68.9375
46.4375,-68.9375
45.9375,-68.9375
45.4375,-68.9375
44.9375,-68.9375
52.9375,-68.4375
52.4375,-68.4375
51.9375,-68.4375
51.4375,-68.4375
50.9375,-68.4375
50.4375,-68.4375
49.9375,-68.4375
49.4375,-68.4375
48.4375,-68.4375
47.9375,-68.4375
47.4375,-68.4375
46.9375,-68.4375
46.4375,-68.4375
45.9375,-68.4375
45.4375,-68.4375
44.9375,-68.4375
52.9375,-67.9375
52.4375,-67.9375
51.9375,-67.9375
51.4375,-67.9375
50.4375,-67.9375
49.9375,-67.9375
49.4375,-67.9375
48.4375,-67.9375
47.9375,-67.9375
47.4375,-67.9375
46.9375,-67.9375
46.4375,-67.9375
45.9375,-67.9375
45.4375,-67.9375
44.9375,-67.9375
52.9375,-67.4375
52.4375,-67.4375
51.9375,-67.4375
51.4375,-67.4375
50.9375,-67.4375
50.4375,-67.4375
49.9375,-67.4375
49.4375,-67.4375
48.4375,-67.4375
47.9375,-67.4375
47.4375,-67.4375
46.9375,-67.4375
46.4375,-67.4375
45.9375,-67.4375
45.4375,-67.4375
44.9375,-67.4375
