lat,lon
52.938,-124.938
52.438,-124.938
51.938,-124.938
51.438,-124.938
50.938,-124.938
50.438,-124.938
49.438,-124.938
48.938,-124.938
52.938,-124.438
52.438,-124.438
51.938,-124.438
51.438,-124.438
50.938,-124.438
50.438,-124.438
49.938,-124.438
48.938,-124.438
47.938,-124.438
42.938,-124.438
52.938,-123.938
52.438,-123.938
51.938,-123.938
51.438,-123.938
50.938,-123.938
50.438,-123.938
49.938,-123.938
48.938,-123.938
48.438,-123.938
47.938,-123.938
47.438,-123.938
45.938,-123.938
45.438,-123.938
44.938,-123.938
44.438,-123.938
43.938,-123.938
43.438,-123.938
42.938,-123.938
42.438,-123.938
41.938,-123.938
41.438,-123.938
40.938,-123.938
40.438,-123.938
39.938,-123.938
52.938,-123.438
52.438,-123.438
51.938,-123.438
51.438,-123.438
50.938,-123.438
50.438,-123.438
49.938,-123.438
47.938,-123.438
47.438,-123.438
46.938,-123.438
46.438,-123.438
45.938,-123.438
45.438,-123.438
44.938,-123.438
44.438,-123.438
43.938,-123.438
43.438,-123.438
42.938,-123.438
42.438,-123.438
41.938,-123.438
41.438,-123.438
40.938,-123.438
40.438,-123.438
39.938,-123.438
39.438,-123.438
38.938,-123.438
52.938,-122.938
52.438,-122.938
51.938,-122.938
51.438,-122.938
50.938,-122.938
50.438,-122.938
49.938,-122.938
49.438,-122.938
47.938,-122.938
47.438,-122.938
46.938,-122.938
46.438,-122.938
45.938,-122.938
45.438,-122.938
44.938,-122.938
44.438,-122.938
43.938,-122.938
43.438,-122.938
42.938,-122.938
42.438,-122.938
41.938,-122.938
41.438,-122.938
40.938,-122.938
40.438,-122.938
39.938,-122.938
39.438,-122.938
38.938,-122.938
38.438,-122.938
52.938,-122.438
52.438,-122.438
51.938,-122.438
51.438,-122.438
50.938,-122.438
50.438,-122.438
49.938,-122.438
49.438,-122.438
48.938,-122.438
48.438,-122.438
46.938,-122.438
46.438,-122.438
45.938,-122.438
45.438,-122.438
44.938,-122.438
44.438,-122.438
43.938,-122.438
43.438,-122.438
42.938,-122.438
42.438,-122.438
41.938,-122.438
41.438,-122.438
40.938,-122.438
40.438,-122.438
39.938,-122.438
39.438,-122.438
38.938,-122.438
38.438,-122.438
52.938,-121.938
52.438,-121.938
51.938,-121.938
51.438,-121.938
50.938,-121.938
50.438,-121.938
49.938,-121.938
49.438,-121.938
48.938,-121.938
48.438,-121.938
47.938,-121.938
47.438,-121.938
46.938,-121.938
46.438,-121.938
45.938,-121.938
45.438,-121.938
44.938,-121.938
44.438,-121.938
43.938,-121.938
43.438,-121.938
42.938,-121.938
41.938,-121.938
41.438,-121.938
40.938,-121.938
40.438,-121.938
39.938,-121.938
39.438,-121.938
38.938,-121.938
38.438,-121.938
37.938,-121.938
37.438,-121.938
52.938,-121.438
52.438,-121.438
51.938,-121.438
51.438,-121.438
50.938,-121.438
50.438,-121.438
49.938,-121.438
49.438,-121.438
48.938,-121.438
48.438,-121.438
47.938,-121.438
47.438,-121.438
46.938,-121.438
46.438,-121.438
45.938,-121.438
45.438,-121.438
44.938,-121.438
44.438,-121.438
43.938,-121.438
43.438,-121.438
42.938,-121.438
42.438,-121.438
41.938,-121.438
41.438,-121.438
40.938,-121.438
40.438,-121.438
39.938,-121.438
39.438,-121.438
38.938,-121.438
38.438,-121.438
37.938,-121.438
37.438,-121.438
36.938,-121.438
36.438,-121.438
35.938,-121.438
52.938,-120.938
52.438,-120.938
51.938,-120.938
51.438,-120.938
50.938,-120.938
50.438,-120.938
49.938,-120.938
49.438,-120.938
48.938,-120.938
48.438,-120.938
47.938,-120.938
47.438,-120.938
46.938,-120.938
46.438,-120.938
45.938,-120.938
45.438,-120.938
44.938,-120.938
44.438,-120.938
43.938,-120.938
43.438,-120.938
42.938,-120.938
42.438,-120.938
41.938,-120.938
41.438,-120.938
40.938,-120.938
40.438,-120.938
39.938,-120.938
39.438,-120.938
38.938,-120.938
38.438,-120.938
37.938,-120.938
37.438,-120.938
36.938,-120.938
36.438,-120.938
35.938,-120.938
52.938,-120.438
52.438,-120.438
51.938,-120.438
51.438,-120.438
50.938,-120.438
50.438,-120.438
49.938,-120.438
49.438,-120.438
48.938,-120.438
48.438,-120.438
47.938,-120.438
47.438,-120.438
46.938,-120.438
46.438,-120.438
45.938,-120.438
45.438,-120.438
44.938,-120.438
44.438,-120.438
43.938,-120.438
43.438,-120.438
42.938,-120.438
42.438,-120.438
41.438,-120.438
40.938,-120.438
40.438,-120.438
39.938,-120.438
39.438,-120.438
38.938,-120.438
38.438,-120.438
37.938,-120.438
37.438,-120.438
36.938,-120.438
36.438,-120.438
35.938,-120.438
35.438,-120.438
34.938,-120.438
52.938,-119.938
52.438,-119.938
51.938,-119.938
51.438,-119.938
50.938,-119.938
50.438,-119.938
49.938,-119.938
49.438,-119.938
48.938,-119.938
48.438,-119.938
47.938,-119.938
47.438,-119.938
46.938,-119.938
46.438,-119.938
45.938,-119.938
45.438,-119.938
44.938,-119.938
44.438,-119.938
43.938,-119.938
43.438,-119.938
42.938,-119.938
42.438,-119.938
41.938,-119.938
41.438,-119.938
40.938,-119.938
40.438,-119.938
39.938,-119.938
39.438,-119.938
38.938,-119.938
38.438,-119.938
37.938,-119.938
37.438,-119.938
36.938,-119.938
36.438,-119.938
35.938,-119.938
35.438,-119.938
34.938,-119.938
34.438,-119.938
52.938,-119.438
52.438,-119.438
51.938,-119.438
51.438,-119.438
50.938,-119.438
50.438,-119.438
49.938,-119.438
49.438,-119.438
48.938,-119.438
48.438,-119.438
47.938,-119.438
47.438,-119.438
46.938,-119.438
46.438,-119.438
45.938,-119.438
45.438,-119.438
44.938,-119.438
44.438,-119.438
43.938,-119.438
43.438,-119.438
42.938,-119.438
42.438,-119.438
41.938,-119.438
41.438,-119.438
40.938,-119.438
40.438,-119.438
39.938,-119.438
39.438,-119.438
38.938,-119.438
38.438,-119.438
37.938,-119.438
37.438,-119.438
36.938,-119.438
36.438,-119.438
35.938,-119.438
35.438,-119.438
34.938,-119.438
34.438,-119.438
52.938,-118.938
52.438,-118.938
51.938,-118.938
51.438,-118.938
50.938,-118.938
50.438,-118.938
49.938,-118.938
49.438,-118.938
48.938,-118.938
48.438,-118.938
47.938,-118.938
47.438,-118.938
46.938,-118.938
46.438,-118.938
45.938,-118.938
45.438,-118.938
44.938,-118.938
44.438,-118.938
43.938,-118.938
43.438,-118.938
42.938,-118.938
42.438,-118.938
41.938,-118.938
41.438,-118.938
40.938,-118.938
40.438,-118.938
39.938,-118.938
39.438,-118.938
38.938,-118.938
38.438,-118.938
37.938,-118.938
37.438,-118.938
36.938,-118.938
36.438,-118.938
35.938,-118.938
35.438,-118.938
34.938,-118.938
34.438,-118.938
52.938,-118.438
52.438,-118.438
51.938,-118.438
51.438,-118.438
50.938,-118.438
50.438,-118.438
49.938,-118.438
49.438,-118.438
48.938,-118.438
48.438,-118.438
47.938,-118.438
47.438,-118.438
46.938,-118.438
46.438,-118.438
45.938,-118.438
45.438,-118.438
44.938,-118.438
44.438,-118.438
43.938,-118.438
43.438,-118.438
42.938,-118.438
42.438,-118.438
41.938,-118.438
41.438,-118.438
40.938,-118.438
40.438,-118.438
39.938,-118.438
39.438,-118.438
38.938,-118.438
38.438,-118.438
37.938,-118.438
37.438,-118.438
36.938,-118.438
36.438,-118.438
35.938,-118.438
35.438,-118.438
34.938,-118.438
34.438,-118.438
52.938,-117.938
52.438,-117.938
51.938,-117.938
51.438,-117.938
50.938,-117.938
50.438,-117.938
49.938,-117.938
49.438,-117.938
48.938,-117.938
48.438,-117.938
47.938,-117.938
47.438,-117.938
46.938,-117.938
46.438,-117.938
45.938,-117.938
45.438,-117.938
44.938,-117.938
44.438,-117.938
43.938,-117.938
43.438,-117.938
42.938,-117.938
42.438,-117.938
41.938,-117.938
41.438,-117.938
40.938,-117.938
40.438,-117.938
39.938,-117.938
39.438,-117.938
38.938,-117.938
38.438,-117.938
37.938,-117.938
37.438,-117.938
36.938,-117.938
36.438,-117.938
35.938,-117.938
35.438,-117.938
34.938,-117.938
34.438,-117.938
33.938,-117.938
52.938,-117.438
52.438,-117.438
51.938,-117.438
51.438,-117.438
50.938,-117.438
50.438,-117.438
49.938,-117.438
49.438,-117.438
48.938,-117.438
48.438,-117.438
47.938,-117.438
47.438,-117.438
46.938,-117.438
46.438,-117.438
45.938,-117.438
45.438,-117.438
44.938,-117.438
44.438,-117.438
43.938,-117.438
43.438,-117.438
42.938,-117.438
42.438,-117.438
41.938,-117.438
41.438,-117.438
40.938,-117.438
40.438,-117.438
39.938,-117.438
39.438,-117.438
38.938,-117.438
38.438,-117.438
37.938,-117.438
37.438,-117.438
36.938,-117.438
36.438,-117.438
35.938,-117.438
35.438,-117.438
34.938,-117.438
34.438,-117.438
33.938,-117.438
33.438,-117.438
52.938,-116.938
52.438,-116.938
51.938,-116.938
51.438,-116.938
50.938,-116.938
50.438,-116.938
49.938,-116.938
49.438,-116.938
48.938,-116.938
48.438,-116.938
47.938,-116.938
47.438,-116.938
46.938,-116.938
46.438,-116.938
45.938,-116.938
45.438,-116.938
44.938,-116.938
44.438,-116.938
43.938,-116.938
43.438,-116.938
42.938,-116.938
42.438,-116.938
41.938,-116.938
41.438,-116.938
40.938,-116.938
40.438,-116.938
39.938,-116.938
39.438,-116.938
38.938,-116.938
38.438,-116.938
37.938,-116.938
37.438,-116.938
36.938,-116.938
36.438,-116.938
35.938,-116.938
35.438,-116.938
34.938,-116.938
34.438,-116.938
33.938,-116.938
33.438,-116.938
32.938,-116.938
32.438,-116.938
52.938,-116.438
52.438,-116.438
51.938,-116.438
51.438,-116.438
50.938,-116.438
50.438,-116.438
49.938,-116.438
49.438,-116.438
48.938,-116.438
48.438,-116.438
47.938,-116.438
47.438,-116.438
46.938,-116.438
46.438,-116.438
45.938,-116.438
45.438,-116.438
44.938,-116.438
44.438,-116.438
43.938,-116.438
43.438,-116.438
42.938,-116.438
42.438,-116.438
41.938,-116.438
41.438,-116.438
40.938,-116.438
40.438,-116.438
39.938,-116.438
39.438,-116.438
38.938,-116.438
38.438,-116.438
37.938,-116.438
37.438,-116.438
36.938,-116.438
36.438,-116.438
35.938,-116.438
35.438,-116.438
34.938,-116.438
34.438,-116.438
33.938,-116.438
33.438,-116.438
32.938,-116.438
32.438,-116.438
31.938,-116.438
31.438,-116.438
52.938,-115.938
52.438,-115.938
51.938,-115.938
51.438,-115.938
50.938,-115.938
50.438,-115.938
49.938,-115.938
49.438,-115.938
48.938,-115.938
48.438,-115.938
47.938,-115.938
47.438,-115.938
46.938,-115.938
46.438,-115.938
45.938,-115.938
45.438,-115.938
44.938,-115.938
44.438,-115.938
43.938,-115.938
43.438,-115.938
42.938,-115.938
42.438,-115.938
41.938,-115.938
41.438,-115.938
40.938,-115.938
40.438,-115.938
39.938,-115.938
39.438,-115.938
38.938,-115.938
38.438,-115.938
37.938,-115.938
37.438,-115.938
36.938,-115.938
36.438,-115.938
35.938,-115.938
35.438,-115.938
34.938,-115.938
34.438,-115.938
33.938,-115.938
32.938,-115.938
32.438,-115.938
31.938,-115.938
31.438,-115.938
30.938,-115.938
30.438,-115.938
52.938,-115.438
52.438,-115.438
51.938,-115.438
51.438,-115.438
50.938,-115.438
50.438,-115.438
49.938,-115.438
49.438,-115.438
48.938,-115.438
48.438,-115.438
47.938,-115.438
47.438,-115.438
46.938,-115.438
46.438,-115.438
45.938,-115.438
45.438,-115.438
44.938,-115.438
44.438,-115.438
43.938,-115.438
43.438,-115.438
42.938,-115.438
42.438,-115.438
41.938,-115.438
41.438,-115.438
40.938,-115.438
40.438,-115.438
39.938,-115.438
39.438,-115.438
38.938,-115.438
38.438,-115.438
37.938,-115.438
37.438,-115.438
36.938,-115.438
36.438,-115.438
35.938,-115.438
35.438,-115.438
34.938,-115.438
34.438,-115.438
33.938,-115.438
33.438,-115.438
32.938,-115.438
32.438,-115.438
31.938,-115.438
31.438,-115.438
30.938,-115.438
30.438,-115.438
29.938,-115.438
52.938,-114.938
52.438,-114.938
51.938,-114.938
51.438,-114.938
50.938,-114.938
50.438,-114.938
49.938,-114.938
49.438,-114.938
48.938,-114.938
48.438,-114.938
47.938,-114.938
47.438,-114.938
46.938,-114.938
46.438,-114.938
45.938,-114.938
45.438,-114.938
44.938,-114.938
44.438,-114.938
43.938,-114.938
43.438,-114.938
42.938,-114.938
42.438,-114.938
41.938,-114.938
41.438,-114.938
40.938,-114.938
40.438,-114.938
39.938,-114.938
39.438,-114.938
38.938,-114.938
38.438,-114.938
37.938,-114.938
37.438,-114.938
36.938,-114.938
36.438,-114.938
35.938,-114.938
35.438,-114.938
34.938,-114.938
34.438,-114.938
33.938,-114.938
33.438,-114.938
32.938,-114.938
32.438,-114.938
31.938,-114.938
31.438,-114.938
30.938,-114.938
30.438,-114.938
29.938,-114.938
29.438,-114.938
52.938,-114.438
52.438,-114.438
51.938,-114.438
51.438,-114.438
50.938,-114.438
50.438,-114.438
49.938,-114.438
49.438,-114.438
48.938,-114.438
48.438,-114.438
47.938,-114.438
47.438,-114.438
46.938,-114.438
46.438,-114.438
45.938,-114.438
45.438,-114.438
44.938,-114.438
44.438,-114.438
43.938,-114.438
43.438,-114.438
42.938,-114.438
42.438,-114.438
41.938,-114.438
41.438,-114.438
40.938,-114.438
40.438,-114.438
39.938,-114.438
39.438,-114.438
38.938,-114.438
38.438,-114.438
37.938,-114.438
37.438,-114.438
36.938,-114.438
36.438,-114.438
35.938,-114.438
35.438,-114.438
34.938,-114.438
34.438,-114.438
33.938,-114.438
33.438,-114.438
32.938,-114.438
32.438,-114.438
31.938,-114.438
29.438,-114.438
28.938,-114.438
27.438,-114.438
52.938,-113.938
52.438,-113.938
51.938,-113.938
51.438,-113.938
50.938,-113.938
50.438,-113.938
49.938,-113.938
49.438,-113.938
48.938,-113.938
48.438,-113.938
47.938,-113.938
47.438,-113.938
46.938,-113.938
46.438,-113.938
45.938,-113.938
45.438,-113.938
44.938,-113.938
44.438,-113.938
43.938,-113.938
43.438,-113.938
42.938,-113.938
42.438,-113.938
41.938,-113.938
41.438,-113.938
40.938,-113.938
40.438,-113.938
39.938,-113.938
39.438,-113.938
38.938,-113.938
38.438,-113.938
37.938,-113.938
37.438,-113.938
36.938,-113.938
36.438,-113.938
35.938,-113.938
35.438,-113.938
34.938,-113.938
34.438,-113.938
33.938,-113.938
33.438,-113.938
32.938,-113.938
32.438,-113.938
31.938,-113.938
29.438,-113.938
28.938,-113.938
28.438,-113.938
27.938,-113.938
27.438,-113.938
52.938,-113.438
52.438,-113.438
51.938,-113.438
51.438,-113.438
50.938,-113.438
50.438,-113.438
49.938,-113.438
49.438,-113.438
48.938,-113.438
48.438,-113.438
47.938,-113.438
47.438,-113.438
46.938,-113.438
46.438,-113.438
45.938,-113.438
45.438,-113.438
44.938,-113.438
44.438,-113.438
43.938,-113.438
43.438,-113.438
42.938,-113.438
42.438,-113.438
41.938,-113.438
41.438,-113.438
40.938,-113.438
40.438,-113.438
39.938,-113.438
39.438,-113.438
38.938,-113.438
38.438,-113.438
37.938,-113.438
37.438,-113.438
36.938,-113.438
36.438,-113.438
35.938,-113.438
35.438,-113.438
34.938,-113.438
34.438,-113.438
33.938,-113.438
33.438,-113.438
32.938,-113.438
32.438,-113.438
31.938,-113.438
31.438,-113.438
29.438,-113.438
28.438,-113.438
27.938,-113.438
27.438,-113.438
26.938,-113.438
52.938,-112.938
52.438,-112.938
51.938,-112.938
51.438,-112.938
50.938,-112.938
50.438,-112.938
49.938,-112.938
49.438,-112.938
48.938,-112.938
48.438,-112.938
47.938,-112.938
47.438,-112.938
46.938,-112.938
46.438,-112.938
45.938,-112.938
45.438,-112.938
44.938,-112.938
44.438,-112.938
43.938,-112.938
43.438,-112.938
42.938,-112.938
42.438,-112.938
41.938,-112.938
40.938,-112.938
40.438,-112.938
39.938,-112.938
39.438,-112.938
38.938,-112.938
38.438,-112.938
37.938,-112.938
37.438,-112.938
36.938,-112.938
36.438,-112.938
35.938,-112.938
35.438,-112.938
34.938,-112.938
34.438,-112.938
33.938,-112.938
33.438,-112.938
32.938,-112.938
32.438,-112.938
31.938,-112.938
31.438,-112.938
30.938,-112.938
28.438,-112.938
27.938,-112.938
27.438,-112.938
26.938,-112.938
52.938,-112.438
52.438,-112.438
51.938,-112.438
51.438,-112.438
50.938,-112.438
50.438,-112.438
49.938,-112.438
49.438,-112.438
48.938,-112.438
48.438,-112.438
47.938,-112.438
47.438,-112.438
46.938,-112.438
46.438,-112.438
45.938,-112.438
45.438,-112.438
44.938,-112.438
44.438,-112.438
43.938,-112.438
43.438,-112.438
42.938,-112.438
42.438,-112.438
41.938,-112.438
41.438,-112.438
40.438,-112.438
39.938,-112.438
39.438,-112.438
38.938,-112.438
38.438,-112.438
37.938,-112.438
37.438,-112.438
36.938,-112.438
36.438,-112.438
35.938,-112.438
35.438,-112.438
34.938,-112.438
34.438,-112.438
33.938,-112.438
33.438,-112.438
32.938,-112.438
32.438,-112.438
31.938,-112.438
31.438,-112.438
30.938,-112.438
30.438,-112.438
29.938,-112.438
28.938,-112.438
27.438,-112.438
26.938,-112.438
26.438,-112.438
52.938,-111.938
52.438,-111.938
51.938,-111.938
51.438,-111.938
50.938,-111.938
49.938,-111.938
49.438,-111.938
48.938,-111.938
48.438,-111.938
47.938,-111.938
47.438,-111.938
46.938,-111.938
46.438,-111.938
45.938,-111.938
45.438,-111.938
44.938,-111.938
44.438,-111.938
43.938,-111.938
43.438,-111.938
42.938,-111.938
42.438,-111.938
41.938,-111.938
41.438,-111.938
40.438,-111.938
39.938,-111.938
39.438,-111.938
38.938,-111.938
38.438,-111.938
37.938,-111.938
37.438,-111.938
36.938,-111.938
36.438,-111.938
35.938,-111.938
35.438,-111.938
34.938,-111.938
34.438,-111.938
33.938,-111.938
33.438,-111.938
32.938,-111.938
32.438,-111.938
31.938,-111.938
31.438,-111.938
30.938,-111.938
30.438,-111.938
29.938,-111.938
29.438,-111.938
28.938,-111.938
26.438,-111.938
25.938,-111.938
25.438,-111.938
52.938,-111.438
52.438,-111.438
51.938,-111.438
51.438,-111.438
50.938,-111.438
50.438,-111.438
49.938,-111.438
49.438,-111.438
48.938,-111.438
48.438,-111.438
47.938,-111.438
47.438,-111.438
46.938,-111.438
46.438,-111.438
45.938,-111.438
45.438,-111.438
44.938,-111.438
44.438,-111.438
43.938,-111.438
43.438,-111.438
42.938,-111.438
42.438,-111.438
41.938,-111.438
41.438,-111.438
40.938,-111.438
40.438,-111.438
39.938,-111.438
39.438,-111.438
38.938,-111.438
38.438,-111.438
37.938,-111.438
37.438,-111.438
36.938,-111.438
36.438,-111.438
35.938,-111.438
35.438,-111.438
34.938,-111.438
34.438,-111.438
33.938,-111.438
33.438,-111.438
32.938,-111.438
32.438,-111.438
31.938,-111.438
31.438,-111.438
30.938,-111.438
30.438,-111.438
29.938,-111.438
29.438,-111.438
28.938,-111.438
28.438,-111.438
25.938,-111.438
25.438,-111.438
52.938,-110.938
52.438,-110.938
51.938,-110.938
51.438,-110.938
50.938,-110.938
50.438,-110.938
49.938,-110.938
49.438,-110.938
48.938,-110.938
48.438,-110.938
47.938,-110.938
47.438,-110.938
46.938,-110.938
46.438,-110.938
45.938,-110.938
45.438,-110.938
44.938,-110.938
44.438,-110.938
43.938,-110.938
43.438,-110.938
42.938,-110.938
42.438,-110.938
41.938,-110.938
41.438,-110.938
40.938,-110.938
40.438,-110.938
39.938,-110.938
39.438,-110.938
38.938,-110.938
38.438,-110.938
37.938,-110.938
37.438,-110.938
36.938,-110.938
36.438,-110.938
35.938,-110.938
35.438,-110.938
34.938,-110.938
34.438,-110.938
33.938,-110.938
33.438,-110.938
32.938,-110.938
32.438,-110.938
31.938,-110.938
31.438,-110.938
30.938,-110.938
30.438,-110.938
29.938,-110.938
29.438,-110.938
28.938,-110.938
28.438,-110.938
27.938,-110.938
52.938,-110.438
52.438,-110.438
51.938,-110.438
51.438,-110.438
50.938,-110.438
50.438,-110.438
49.938,-110.438
49.438,-110.438
48.938,-110.438
48.438,-110.438
47.938,-110.438
47.438,-110.438
46.938,-110.438
46.438,-110.438
45.938,-110.438
45.438,-110.438
44.938,-110.438
44.438,-110.438
43.938,-110.438
43.438,-110.438
42.938,-110.438
42.438,-110.438
41.938,-110.438
41.438,-110.438
40.938,-110.438
40.438,-110.438
39.938,-110.438
39.438,-110.438
38.938,-110.438
38.438,-110.438
37.938,-110.438
37.438,-110.438
36.938,-110.438
36.438,-110.438
35.938,-110.438
35.438,-110.438
34.938,-110.438
34.438,-110.438
33.938,-110.438
33.438,-110.438
32.938,-110.438
32.438,-110.438
31.938,-110.438
31.438,-110.438
30.938,-110.438
30.438,-110.438
29.938,-110.438
29.438,-110.438
28.938,-110.438
28.438,-110.438
27.938,-110.438
27.438,-110.438
52.938,-109.938
52.438,-109.938
51.938,-109.938
51.438,-109.938
50.938,-109.938
50.438,-109.938
49.938,-109.938
49.438,-109.938
48.938,-109.938
48.438,-109.938
47.938,-109.938
47.438,-109.938
46.938,-109.938
46.438,-109.938
45.938,-109.938
45.438,-109.938
44.938,-109.938
44.438,-109.938
43.938,-109.938
43.438,-109.938
42.938,-109.938
42.438,-109.938
41.938,-109.938
41.438,-109.938
40.938,-109.938
40.438,-109.938
39.938,-109.938
39.438,-109.938
38.938,-109.938
38.438,-109.938
37.938,-109.938
37.438,-109.938
36.938,-109.938
36.438,-109.938
35.938,-109.938
35.438,-109.938
34.938,-109.938
34.438,-109.938
33.938,-109.938
33.438,-109.938
32.938,-109.938
32.438,-109.938
31.938,-109.938
31.438,-109.938
30.938,-109.938
30.438,-109.938
29.938,-109.938
29.438,-109.938
28.938,-109.938
28.438,-109.938
27.938,-109.938
27.438,-109.938
52.938,-109.438
52.438,-109.438
51.938,-109.438
51.438,-109.438
50.938,-109.438
50.438,-109.438
49.938,-109.438
49.438,-109.438
48.938,-109.438
48.438,-109.438
47.938,-109.438
47.438,-109.438
46.938,-109.438
46.438,-109.438
45.938,-109.438
45.438,-109.438
44.938,-109.438
44.438,-109.438
43.938,-109.438
43.438,-109.438
42.938,-109.438
42.438,-109.438
41.938,-109.438
41.438,-109.438
40.938,-109.438
40.438,-109.438
39.938,-109.438
39.438,-109.438
38.938,-109.438
38.438,-109.438
37.938,-109.438
37.438,-109.438
36.938,-109.438
36.438,-109.438
35.938,-109.438
35.438,-109.438
34.938,-109.438
34.438,-109.438
33.938,-109.438
33.438,-109.438
32.938,-109.438
32.438,-109.438
31.938,-109.438
31.438,-109.438
30.938,-109.438
30.438,-109.438
29.938,-109.438
29.438,-109.438
28.938,-109.438
28.438,-109.438
27.938,-109.438
27.438,-109.438
26.938,-109.438
52.938,-108.938
52.438,-108.938
51.938,-108.938
51.438,-108.938
50.938,-108.938
50.438,-108.938
49.938,-108.938
49.438,-108.938
48.938,-108.938
48.438,-108.938
47.938,-108.938
47.438,-108.938
46.938,-108.938
46.438,-108.938
45.938,-108.938
45.438,-108.938
44.938,-108.938
44.438,-108.938
43.938,-108.938
43.438,-108.938
42.938,-108.938
42.438,-108.938
41.938,-108.938
41.438,-108.938
40.938,-108.938
40.438,-108.938
39.938,-108.938
39.438,-108.938
38.938,-108.938
38.438,-108.938
37.938,-108.938
37.438,-108.938
36.938,-108.938
36.438,-108.938
35.938,-108.938
35.438,-108.938
34.938,-108.938
34.438,-108.938
33.938,-108.938
33.438,-108.938
32.938,-108.938
32.438,-108.938
31.938,-108.938
31.438,-108.938
30.938,-108.938
30.438,-108.938
29.938,-108.938
29.438,-108.938
28.938,-108.938
28.438,-108.938
27.938,-108.938
27.438,-108.938
26.938,-108.938
26.438,-108.938
25.938,-108.938
52.938,-108.438
52.438,-108.438
51.938,-108.438
51.438,-108.438
50.938,-108.438
50.438,-108.438
49.938,-108.438
49.438,-108.438
48.938,-108.438
48.438,-108.438
47.938,-108.438
47.438,-108.438
46.938,-108.438
46.438,-108.438
45.938,-108.438
45.438,-108.438
44.938,-108.438
44.438,-108.438
43.938,-108.438
43.438,-108.438
42.938,-108.438
42.438,-108.438
41.938,-108.438
41.438,-108.438
40.938,-108.438
40.438,-108.438
39.938,-108.438
39.438,-108.438
38.938,-108.438
38.438,-108.438
37.938,-108.438
37.438,-108.438
36.938,-108.438
36.438,-108.438
35.938,-108.438
35.438,-108.438
34.938,-108.438
34.438,-108.438
33.938,-108.438
33.438,-108.438
32.938,-108.438
32.438,-108.438
31.938,-108.438
31.438,-108.438
30.938,-108.438
30.438,-108.438
29.938,-108.438
29.438,-108.438
28.938,-108.438
28.438,-108.438
27.938,-108.438
27.438,-108.438
26.938,-108.438
26.438,-108.438
25.938,-108.438
25.438,-108.438
52.938,-107.938
52.438,-107.938
51.938,-107.938
51.438,-107.938
50.938,-107.938
50.438,-107.938
49.938,-107.938
49.438,-107.938
48.938,-107.938
48.438,-107.938
47.938,-107.938
47.438,-107.938
46.938,-107.938
46.438,-107.938
45.938,-107.938
45.438,-107.938
44.938,-107.938
44.438,-107.938
43.938,-107.938
43.438,-107.938
42.938,-107.938
42.438,-107.938
41.938,-107.938
41.438,-107.938
40.938,-107.938
40.438,-107.938
39.938,-107.938
39.438,-107.938
38.938,-107.938
38.438,-107.938
37.938,-107.938
37.438,-107.938
36.938,-107.938
36.438,-107.938
35.938,-107.938
35.438,-107.938
34.938,-107.938
34.438,-107.938
33.938,-107.938
33.438,-107.938
32.938,-107.938
32.438,-107.938
31.938,-107.938
31.438,-107.938
30.938,-107.938
30.438,-107.938
29.938,-107.938
29.438,-107.938
28.938,-107.938
28.438,-107.938
27.938,-107.938
27.438,-107.938
26.938,-107.938
26.438,-107.938
25.938,-107.938
25.438,-107.938
52.938,-107.438
52.438,-107.438
51.938,-107.438
51.438,-107.438
50.938,-107.438
50.438,-107.438
49.938,-107.438
49.438,-107.438
48.938,-107.438
48.438,-107.438
47.938,-107.438
47.438,-107.438
46.938,-107.438
46.438,-107.438
45.938,-107.438
45.438,-107.438
44.938,-107.438
44.438,-107.438
43.938,-107.438
43.438,-107.438
42.938,-107.438
42.438,-107.438
41.938,-107.438
41.438,-107.438
40.938,-107.438
40.438,-107.438
39.938,-107.438
39.438,-107.438
38.938,-107.438
38.438,-107.438
37.938,-107.438
37.438,-107.438
36.938,-107.438
36.438,-107.438
35.938,-107.438
35.438,-107.438
34.938,-107.438
34.438,-107.438
33.938,-107.438
33.438,-107.438
32.938,-107.438
32.438,-107.438
31.938,-107.438
31.438,-107.438
30.938,-107.438
30.438,-107.438
29.938,-107.438
29.438,-107.438
28.938,-107.438
28.438,-107.438
27.938,-107.438
27.438,-107.438
26.938,-107.438
26.438,-107.438
25.938,-107.438
25.438,-107.438
52.938,-106.938
52.438,-106.938
51.938,-106.938
51.438,-106.938
50.938,-106.938
50.438,-106.938
49.938,-106.938
49.438,-106.938
48.938,-106.938
48.438,-106.938
47.938,-106.938
47.438,-106.938
46.938,-106.938
46.438,-106.938
45.938,-106.938
45.438,-106.938
44.938,-106.938
44.438,-106.938
43.938,-106.938
43.438,-106.938
42.938,-106.938
42.438,-106.938
41.938,-106.938
41.438,-106.938
40.938,-106.938
40.438,-106.938
39.938,-106.938
39.438,-106.938
38.938,-106.938
38.438,-106.938
37.938,-106.938
37.438,-106.938
36.938,-106.938
36.438,-106.938
35.938,-106.938
35.438,-106.938
34.938,-106.938
34.438,-106.938
33.938,-106.938
33.438,-106.938
32.938,-106.938
32.438,-106.938
31.938,-106.938
31.438,-106.938
30.938,-106.938
30.438,-106.938
29.938,-106.938
29.438,-106.938
28.938,-106.938
28.438,-106.938
27.938,-106.938
27.438,-106.938
26.938,-106.938
26.438,-106.938
25.938,-106.938
25.438,-106.938
52.938,-106.438
52.438,-106.438
51.938,-106.438
51.438,-106.438
50.938,-106.438
50.438,-106.438
49.938,-106.438
49.438,-106.438
48.938,-106.438
48.438,-106.438
47.438,-106.438
46.938,-106.438
46.438,-106.438
45.938,-106.438
45.438,-106.438
44.938,-106.438
44.438,-106.438
43.938,-106.438
43.438,-106.438
42.938,-106.438
42.438,-106.438
41.938,-106.438
41.438,-106.438
40.938,-106.438
40.438,-106.438
39.938,-106.438
39.438,-106.438
38.938,-106.438
38.438,-106.438
37.938,-106.438
37.438,-106.438
36.938,-106.438
36.438,-106.438
35.938,-106.438
35.438,-106.438
34.938,-106.438
34.438,-106.438
33.938,-106.438
33.438,-106.438
32.938,-106.438
32.438,-106.438
31.938,-106.438
31.438,-106.438
30.938,-106.438
30.438,-106.438
29.938,-106.438
29.438,-106.438
28.938,-106.438
28.438,-106.438
27.938,-106.438
27.438,-106.438
26.938,-106.438
26.438,-106.438
25.938,-106.438
25.438,-106.438
52.938,-105.938
52.438,-105.938
51.938,-105.938
51.438,-105.938
50.938,-105.938
50.438,-105.938
49.938,-105.938
49.438,-105.938
48.938,-105.938
48.438,-105.938
47.938,-105.938
47.438,-105.938
46.938,-105.938
46.438,-105.938
45.938,-105.938
45.438,-105.938
44.938,-105.938
44.438,-105.938
43.938,-105.938
43.438,-105.938
42.938,-105.938
42.438,-105.938
41.938,-105.938
41.438,-105.938
40.938,-105.938
40.438,-105.938
39.938,-105.938
39.438,-105.938
38.938,-105.938
38.438,-105.938
37.938,-105.938
37.438,-105.938
36.938,-105.938
36.438,-105.938
35.938,-105.938
35.438,-105.938
34.938,-105.938
34.438,-105.938
33.938,-105.938
33.438,-105.938
32.938,-105.938
32.438,-105.938
31.938,-105.938
31.438,-105.938
30.938,-105.938
30.438,-105.938
29.938,-105.938
29.438,-105.938
28.938,-105.938
28.438,-105.938
27.938,-105.938
27.438,-105.938
26.938,-105.938
26.438,-105.938
25.938,-105.938
25.438,-105.938
52.938,-105.438
52.438,-105.438
51.938,-105.438
51.438,-105.438
50.938,-105.438
50.438,-105.438
49.938,-105.438
49.438,-105.438
48.938,-105.438
48.438,-105.438
47.938,-105.438
47.438,-105.438
46.938,-105.438
46.438,-105.438
45.938,-105.438
45.438,-105.438
44.938,-105.438
44.438,-105.438
43.938,-105.438
43.438,-105.438
42.938,-105.438
42.438,-105.438
41.938,-105.438
41.438,-105.438
40.938,-105.438
40.438,-105.438
39.938,-105.438
39.438,-105.438
38.938,-105.438
38.438,-105.438
37.938,-105.438
37.438,-105.438
36.938,-105.438
36.438,-105.438
35.938,-105.438
35.438,-105.438
34.938,-105.438
34.438,-105.438
33.938,-105.438
33.438,-105.438
32.938,-105.438
32.438,-105.438
31.938,-105.438
31.438,-105.438
30.938,-105.438
30.438,-105.438
29.938,-105.438
29.438,-105.438
28.938,-105.438
28.438,-105.438
27.938,-105.438
27.438,-105.438
26.938,-105.438
26.438,-105.438
25.938,-105.438
25.438,-105.438
52.938,-104.938
52.438,-104.938
51.938,-104.938
51.438,-104.938
50.938,-104.938
50.438,-104.938
49.938,-104.938
49.438,-104.938
48.938,-104.938
48.438,-104.938
47.938,-104.938
47.438,-104.938
46.938,-104.938
46.438,-104.938
45.938,-104.938
45.438,-104.938
44.938,-104.938
44.438,-104.938
43.938,-104.938
43.438,-104.938
42.938,-104.938
42.438,-104.938
41.938,-104.938
41.438,-104.938
40.938,-104.938
40.438,-104.938
39.938,-104.938
39.438,-104.938
38.938,-104.938
38.438,-104.938
37.938,-104.938
37.438,-104.938
36.938,-104.938
36.438,-104.938
35.938,-104.938
35.438,-104.938
34.938,-104.938
34.438,-104.938
33.938,-104.938
33.438,-104.938
32.938,-104.938
32.438,-104.938
31.938,-104.938
31.438,-104.938
30.938,-104.938
30.438,-104.938
29.938,-104.938
29.438,-104.938
28.938,-104.938
28.438,-104.938
27.938,-104.938
27.438,-104.938
26.938,-104.938
26.438,-104.938
25.938,-104.938
25.438,-104.938
52.938,-104.438
52.438,-104.438
51.938,-104.438
51.438,-104.438
50.938,-104.438
50.438,-104.438
49.938,-104.438
49.438,-104.438
48.938,-104.438
48.438,-104.438
47.938,-104.438
47.438,-104.438
46.938,-104.438
46.438,-104.438
45.938,-104.438
45.438,-104.438
44.938,-104.438
44.438,-104.438
43.938,-104.438
43.438,-104.438
42.938,-104.438
42.438,-104.438
41.938,-104.438
41.438,-104.438
40.938,-104.438
40.438,-104.438
39.938,-104.438
39.438,-104.438
38.938,-104.438
38.438,-104.438
37.938,-104.438
37.438,-104.438
36.938,-104.438
36.438,-104.438
35.938,-104.438
35.438,-104.438
34.938,-104.438
34.438,-104.438
33.938,-104.438
33.438,-104.438
32.938,-104.438
32.438,-104.438
31.938,-104.438
31.438,-104.438
30.938,-104.438
30.438,-104.438
29.938,-104.438
29.438,-104.438
28.938,-104.438
28.438,-104.438
27.938,-104.438
27.438,-104.438
26.938,-104.438
26.438,-104.438
25.938,-104.438
25.438,-104.438
52.938,-103.938
52.438,-103.938
51.938,-103.938
51.438,-103.938
50.938,-103.938
50.438,-103.938
49.938,-103.938
49.438,-103.938
48.938,-103.938
48.438,-103.938
47.938,-103.938
47.438,-103.938
46.938,-103.938
46.438,-103.938
45.938,-103.938
45.438,-103.938
44.938,-103.938
44.438,-103.938
43.938,-103.938
43.438,-103.938
42.938,-103.938
42.438,-103.938
41.938,-103.938
41.438,-103.938
40.938,-103.938
40.438,-103.938
39.938,-103.938
39.438,-103.938
38.938,-103.938
38.438,-103.938
37.938,-103.938
37.438,-103.938
36.938,-103.938
36.438,-103.938
35.938,-103.938
35.438,-103.938
34.938,-103.938
34.438,-103.938
33.938,-103.938
33.438,-103.938
32.938,-103.938
32.438,-103.938
31.938,-103.938
31.438,-103.938
30.938,-103.938
30.438,-103.938
29.938,-103.938
29.438,-103.938
28.938,-103.938
28.438,-103.938
27.938,-103.938
27.438,-103.938
26.938,-103.938
26.438,-103.938
25.938,-103.938
25.438,-103.938
52.938,-103.438
52.438,-103.438
51.938,-103.438
51.438,-103.438
50.938,-103.438
50.438,-103.438
49.938,-103.438
49.438,-103.438
48.938,-103.438
48.438,-103.438
47.938,-103.438
47.438,-103.438
46.938,-103.438
46.438,-103.438
45.938,-103.438
45.438,-103.438
44.938,-103.438
44.438,-103.438
43.938,-103.438
43.438,-103.438
42.938,-103.438
42.438,-103.438
41.938,-103.438
41.438,-103.438
40.938,-103.438
40.438,-103.438
39.938,-103.438
39.438,-103.438
38.938,-103.438
38.438,-103.438
37.938,-103.438
37.438,-103.438
36.938,-103.438
36.438,-103.438
35.938,-103.438
35.438,-103.438
34.938,-103.438
34.438,-103.438
33.938,-103.438
33.438,-103.438
32.938,-103.438
32.438,-103.438
31.938,-103.438
31.438,-103.438
30.938,-103.438
30.438,-103.438
29.938,-103.438
29.438,-103.438
28.938,-103.438
28.438,-103.438
27.938,-103.438
27.438,-103.438
26.938,-103.438
26.438,-103.438
25.938,-103.438
25.438,-103.438
52.938,-102.938
52.438,-102.938
51.938,-102.938
51.438,-102.938
50.938,-102.938
50.438,-102.938
49.938,-102.938
49.438,-102.938
48.938,-102.938
48.438,-102.938
47.938,-102.938
47.438,-102.938
46.938,-102.938
46.438,-102.938
45.938,-102.938
45.438,-102.938
44.938,-102.938
44.438,-102.938
43.938,-102.938
43.438,-102.938
42.938,-102.938
42.438,-102.938
41.938,-102.938
41.438,-102.938
40.938,-102.938
40.438,-102.938
39.938,-102.938
39.438,-102.938
38.938,-102.938
38.438,-102.938
37.938,-102.938
37.438,-102.938
36.938,-102.938
36.438,-102.938
35.938,-102.938
35.438,-102.938
34.938,-102.938
34.438,-102.938
33.938,-102.938
33.438,-102.938
32.938,-102.938
32.438,-102.938
31.938,-102.938
31.438,-102.938
30.938,-102.938
30.438,-102.938
29.938,-102.938
29.438,-102.938
28.938,-102.938
28.438,-102.938
27.938,-102.938
27.438,-102.938
26.938,-102.938
26.438,-102.938
25.938,-102.938
25.438,-102.938
52.938,-102.438
52.438,-102.438
51.938,-102.438
51.438,-102.438
50.938,-102.438
50.438,-102.438
49.938,-102.438
49.438,-102.438
48.938,-102.438
48.438,-102.438
47.938,-102.438
47.438,-102.438
46.938,-102.438
46.438,-102.438
45.938,-102.438
45.438,-102.438
44.938,-102.438
44.438,-102.438
43.938,-102.438
43.438,-102.438
42.938,-102.438
42.438,-102.438
41.938,-102.438
41.438,-102.438
40.938,-102.438
40.438,-102.438
39.938,-102.438
39.438,-102.438
38.938,-102.438
38.438,-102.438
37.938,-102.438
37.438,-102.438
36.938,-102.438
36.438,-102.438
35.938,-102.438
35.438,-102.438
34.938,-102.438
34.438,-102.438
33.938,-102.438
33.438,-102.438
32.938,-102.438
32.438,-102.438
31.938,-102.438
31.438,-102.438
30.938,-102.438
30.438,-102.438
29.938,-102.438
29.438,-102.438
28.938,-102.438
28.438,-102.438
27.938,-102.438
27.438,-102.438
26.938,-102.438
26.438,-102.438
25.938,-102.438
25.438,-102.438
52.938,-101.938
52.438,-101.938
51.938,-101.938
51.438,-101.938
50.938,-101.938
50.438,-101.938
49.938,-101.938
49.438,-101.938
48.938,-101.938
48.438,-101.938
47.938,-101.938
47.438,-101.938
46.938,-101.938
46.438,-101.938
45.938,-101.938
45.438,-101.938
44.938,-101.938
44.438,-101.938
43.938,-101.938
43.438,-101.938
42.938,-101.938
42.438,-101.938
41.938,-101.938
41.438,-101.938
40.938,-101.938
40.438,-101.938
39.938,-101.938
39.438,-101.938
38.938,-101.938
38.438,-101.938
37.938,-101.938
37.438,-101.938
36.938,-101.938
36.438,-101.938
35.938,-101.938
35.438,-101.938
34.938,-101.938
34.438,-101.938
33.938,-101.938
33.438,-101.938
32.938,-101.938
32.438,-101.938
31.938,-101.938
31.438,-101.938
30.938,-101.938
30.438,-101.938
29.938,-101.938
29.438,-101.938
28.938,-101.938
28.438,-101.938
27.938,-101.938
27.438,-101.938
26.938,-101.938
26.438,-101.938
25.938,-101.938
25.438,-101.938
52.438,-101.438
51.938,-101.438
51.438,-101.438
50.938,-101.438
50.438,-101.438
49.938,-101.438
49.438,-101.438
48.938,-101.438
48.438,-101.438
47.938,-101.438
47.438,-101.438
46.938,-101.438
46.438,-101.438
45.938,-101.438
45.438,-101.438
44.938,-101.438
44.438,-101.438
43.938,-101.438
43.438,-101.438
42.938,-101.438
42.438,-101.438
41.938,-101.438
41.438,-101.438
40.938,-101.438
40.438,-101.438
39.938,-101.438
39.438,-101.438
38.938,-101.438
38.438,-101.438
37.938,-101.438
37.438,-101.438
36.938,-101.438
36.438,-101.438
35.938,-101.438
35.438,-101.438
34.938,-101.438
34.438,-101.438
33.938,-101.438
33.438,-101.438
32.938,-101.438
32.438,-101.438
31.938,-101.438
31.438,-101.438
30.938,-101.438
30.438,-101.438
29.938,-101.438
29.438,-101.438
28.938,-101.438
28.438,-101.438
27.938,-101.438
27.438,-101.438
26.938,-101.438
26.438,-101.438
25.938,-101.438
25.438,-101.438
52.438,-100.938
51.938,-100.938
51.438,-100.938
50.938,-100.938
50.438,-100.938
49.938,-100.938
49.438,-100.938
48.938,-100.938
48.438,-100.938
47.938,-100.938
47.438,-100.938
46.938,-100.938
46.438,-100.938
45.938,-100.938
45.438,-100.938
44.938,-100.938
44.438,-100.938
43.938,-100.938
43.438,-100.938
42.938,-100.938
42.438,-100.938
41.938,-100.938
41.438,-100.938
40.938,-100.938
40.438,-100.938
39.938,-100.938
39.438,-100.938
38.938,-100.938
38.438,-100.938
37.938,-100.938
37.438,-100.938
36.938,-100.938
36.438,-100.938
35.938,-100.938
35.438,-100.938
34.938,-100.938
34.438,-100.938
33.938,-100.938
33.438,-100.938
32.938,-100.938
32.438,-100.938
31.938,-100.938
31.438,-100.938
30.938,-100.938
30.438,-100.938
29.938,-100.938
29.438,-100.938
28.938,-100.938
28.438,-100.938
27.938,-100.938
27.438,-100.938
26.938,-100.938
26.438,-100.938
25.938,-100.938
25.438,-100.938
52.438,-100.438
51.938,-100.438
51.438,-100.438
50.938,-100.438
50.438,-100.438
49.938,-100.438
49.438,-100.438
48.938,-100.438
48.438,-100.438
47.938,-100.438
47.438,-100.438
46.938,-100.438
46.438,-100.438
45.938,-100.438
45.438,-100.438
44.938,-100.438
44.438,-100.438
43.938,-100.438
43.438,-100.438
42.938,-100.438
42.438,-100.438
41.938,-100.438
41.438,-100.438
40.938,-100.438
40.438,-100.438
39.938,-100.438
39.438,-100.438
38.938,-100.438
38.438,-100.438
37.938,-100.438
37.438,-100.438
36.938,-100.438
36.438,-100.438
35.938,-100.438
35.438,-100.438
34.938,-100.438
34.438,-100.438
33.938,-100.438
33.438,-100.438
32.938,-100.438
32.438,-100.438
31.938,-100.438
31.438,-100.438
30.938,-100.438
30.438,-100.438
29.938,-100.438
29.438,-100.438
28.938,-100.438
28.438,-100.438
27.938,-100.438
27.438,-100.438
26.938,-100.438
26.438,-100.438
25.938,-100.438
25.438,-100.438
52.438,-99.938
51.438,-99.938
50.938,-99.938
50.438,-99.938
49.938,-99.938
49.438,-99.938
48.938,-99.938
48.438,-99.938
47.938,-99.938
47.438,-99.938
46.938,-99.938
46.438,-99.938
45.938,-99.938
45.438,-99.938
44.938,-99.938
44.438,-99.938
43.938,-99.938
43.438,-99.938
42.938,-99.938
42.438,-99.938
41.938,-99.938
41.438,-99.938
40.938,-99.938
40.438,-99.938
39.938,-99.938
39.438,-99.938
38.938,-99.938
38.438,-99.938
37.938,-99.938
37.438,-99.938
36.938,-99.938
36.438,-99.938
35.938,-99.938
35.438,-99.938
34.938,-99.938
34.438,-99.938
33.938,-99.938
33.438,-99.938
32.938,-99.938
32.438,-99.938
31.938,-99.938
31.438,-99.938
30.938,-99.938
30.438,-99.938
29.938,-99.938
29.438,-99.938
28.938,-99.938
28.438,-99.938
27.938,-99.938
27.438,-99.938
26.938,-99.938
26.438,-99.938
25.938,-99.938
25.438,-99.938
52.938,-99.438
52.438,-99.438
51.938,-99.438
51.438,-99.438
50.938,-99.438
50.438,-99.438
49.938,-99.438
49.438,-99.438
48.938,-99.438
48.438,-99.438
47.938,-99.438
47.438,-99.438
46.938,-99.438
46.438,-99.438
45.938,-99.438
45.438,-99.438
44.938,-99.438
44.438,-99.438
43.938,-99.438
43.438,-99.438
42.938,-99.438
42.438,-99.438
41.938,-99.438
41.438,-99.438
40.938,-99.438
40.438,-99.438
39.938,-99.438
39.438,-99.438
38.938,-99.438
38.438,-99.438
37.938,-99.438
37.438,-99.438
36.938,-99.438
36.438,-99.438
35.938,-99.438
35.438,-99.438
34.938,-99.438
34.438,-99.438
33.938,-99.438
33.438,-99.438
32.938,-99.438
32.438,-99.438
31.938,-99.438
31.438,-99.438
30.938,-99.438
30.438,-99.438
29.938,-99.438
29.438,-99.438
28.938,-99.438
28.438,-99.438
27.938,-99.438
27.438,-99.438
26.938,-99.438
26.438,-99.438
25.938,-99.438
25.438,-99.438
52.938,-98.938
52.438,-98.938
51.938,-98.938
51.438,-98.938
50.938,-98.938
50.438,-98.938
49.938,-98.938
49.438,-98.938
48.938,-98.938
48.438,-98.938
47.938,-98.938
47.438,-98.938
46.938,-98.938
46.438,-98.938
45.938,-98.938
45.438,-98.938
44.938,-98.938
44.438,-98.938
43.938,-98.938
43.438,-98.938
42.938,-98.938
42.438,-98.938
41.938,-98.938
41.438,-98.938
40.938,-98.938
40.438,-98.938
39.938,-98.938
39.438,-98.938
38.938,-98.938
38.438,-98.938
37.938,-98.938
37.438,-98.938
36.938,-98.938
36.438,-98.938
35.938,-98.938
35.438,-98.938
34.938,-98.938
34.438,-98.938
33.938,-98.938
33.438,-98.938
32.938,-98.938
32.438,-98.938
31.938,-98.938
31.438,-98.938
30.938,-98.938
30.438,-98.938
29.938,-98.938
29.438,-98.938
28.938,-98.938
28.438,-98.938
27.938,-98.938
27.438,-98.938
26.938,-98.938
26.438,-98.938
25.938,-98.938
25.438,-98.938
51.938,-98.438
51.438,-98.438
50.938,-98.438
49.938,-98.438
49.438,-98.438
48.938,-98.438
48.438,-98.438
47.938,-98.438
47.438,-98.438
46.938,-98.438
46.438,-98.438
45.938,-98.438
45.438,-98.438
44.938,-98.438
44.438,-98.438
43.938,-98.438
43.438,-98.438
42.938,-98.438
42.438,-98.438
41.938,-98.438
41.438,-98.438
40.938,-98.438
40.438,-98.438
39.938,-98.438
39.438,-98.438
38.938,-98.438
38.438,-98.438
37.938,-98.438
37.438,-98.438
36.938,-98.438
36.438,-98.438
35.938,-98.438
35.438,-98.438
34.938,-98.438
34.438,-98.438
33.938,-98.438
33.438,-98.438
32.938,-98.438
32.438,-98.438
31.938,-98.438
31.438,-98.438
30.938,-98.438
30.438,-98.438
29.938,-98.438
29.438,-98.438
28.938,-98.438
28.438,-98.438
27.938,-98.438
27.438,-98.438
26.938,-98.438
26.438,-98.438
25.938,-98.438
25.438,-98.438
51.438,-97.938
50.938,-97.938
50.438,-97.938
49.938,-97.938
49.438,-97.938
48.938,-97.938
48.438,-97.938
47.938,-97.938
47.438,-97.938
46.938,-97.938
46.438,-97.938
45.938,-97.938
45.438,-97.938
44.938,-97.938
44.438,-97.938
43.938,-97.938
43.438,-97.938
42.938,-97.938
42.438,-97.938
41.938,-97.938
41.438,-97.938
40.938,-97.938
40.438,-97.938
39.938,-97.938
39.438,-97.938
38.938,-97.938
38.438,-97.938
37.938,-97.938
37.438,-97.938
36.938,-97.938
36.438,-97.938
35.938,-97.938
35.438,-97.938
34.938,-97.938
34.438,-97.938
33.938,-97.938
33.438,-97.938
32.938,-97.938
32.438,-97.938
31.938,-97.938
31.438,-97.938
30.938,-97.938
30.438,-97.938
29.938,-97.938
29.438,-97.938
28.938,-97.938
28.438,-97.938
27.938,-97.938
27.438,-97.938
26.938,-97.938
26.438,-97.938
25.938,-97.938
25.438,-97.938
51.938,-97.438
51.438,-97.438
50.938,-97.438
50.438,-97.438
49.938,-97.438
49.438,-97.438
48.938,-97.438
48.438,-97.438
47.938,-97.438
47.438,-97.438
46.938,-97.438
46.438,-97.438
45.938,-97.438
45.438,-97.438
44.938,-97.438
44.438,-97.438
43.938,-97.438
43.438,-97.438
42.938,-97.438
42.438,-97.438
41.938,-97.438
41.438,-97.438
40.938,-97.438
40.438,-97.438
39.938,-97.438
39.438,-97.438
38.938,-97.438
38.438,-97.438
37.938,-97.438
37.438,-97.438
36.938,-97.438
36.438,-97.438
35.938,-97.438
35.438,-97.438
34.938,-97.438
34.438,-97.438
33.938,-97.438
33.438,-97.438
32.938,-97.438
32.438,-97.438
31.938,-97.438
31.438,-97.438
30.938,-97.438
30.438,-97.438
29.938,-97.438
29.438,-97.438
28.938,-97.438
28.438,-97.438
27.938,-97.438
27.438,-97.438
26.438,-97.438
25.938,-97.438
25.438,-97.438
52.938,-96.938
52.438,-96.938
51.438,-96.938
50.438,-96.938
49.938,-96.938
49.438,-96.938
48.938,-96.938
48.438,-96.938
47.938,-96.938
47.438,-96.938
46.938,-96.938
46.438,-96.938
45.938,-96.938
45.438,-96.938
44.938,-96.938
44.438,-96.938
43.938,-96.938
43.438,-96.938
42.938,-96.938
42.438,-96.938
41.938,-96.938
41.438,-96.938
40.938,-96.938
40.438,-96.938
39.938,-96.938
39.438,-96.938
38.938,-96.938
38.438,-96.938
37.938,-96.938
37.438,-96.938
36.938,-96.938
36.438,-96.938
35.938,-96.938
35.438,-96.938
34.938,-96.938
34.438,-96.938
33.938,-96.938
33.438,-96.938
32.938,-96.938
32.438,-96.938
31.938,-96.938
31.438,-96.938
30.938,-96.938
30.438,-96.938
29.938,-96.938
29.438,-96.938
28.938,-96.938
28.438,-96.938
52.938,-96.438
52.438,-96.438
51.938,-96.438
51.438,-96.438
50.438,-96.438
49.938,-96.438
49.438,-96.438
48.938,-96.438
48.438,-96.438
47.938,-96.438
47.438,-96.438
46.938,-96.438
46.438,-96.438
45.938,-96.438
45.438,-96.438
44.938,-96.438
44.438,-96.438
43.938,-96.438
43.438,-96.438
42.938,-96.438
42.438,-96.438
41.938,-96.438
41.438,-96.438
40.938,-96.438
40.438,-96.438
39.938,-96.438
39.438,-96.438
38.938,-96.438
38.438,-96.438
37.938,-96.438
37.438,-96.438
36.938,-96.438
36.438,-96.438
35.938,-96.438
35.438,-96.438
34.938,-96.438
34.438,-96.438
33.938,-96.438
33.438,-96.438
32.938,-96.438
32.438,-96.438
31.938,-96.438
31.438,-96.438
30.938,-96.438
30.438,-96.438
29.938,-96.438
29.438,-96.438
28.938,-96.438
52.938,-95.938
52.438,-95.938
51.938,-95.938
51.438,-95.938
50.938,-95.938
50.438,-95.938
49.938,-95.938
49.438,-95.938
48.938,-95.938
48.438,-95.938
47.938,-95.938
47.438,-95.938
46.938,-95.938
46.438,-95.938
45.938,-95.938
45.438,-95.938
44.938,-95.938
44.438,-95.938
43.938,-95.938
43.438,-95.938
42.938,-95.938
42.438,-95.938
41.938,-95.938
41.438,-95.938
40.938,-95.938
40.438,-95.938
39.938,-95.938
39.438,-95.938
38.938,-95.938
38.438,-95.938
37.938,-95.938
37.438,-95.938
36.938,-95.938
36.438,-95.938
35.938,-95.938
35.438,-95.938
34.938,-95.938
34.438,-95.938
33.938,-95.938
33.438,-95.938
32.938,-95.938
32.438,-95.938
31.938,-95.938
31.438,-95.938
30.938,-95.938
30.438,-95.938
29.938,-95.938
29.438,-95.938
28.938,-95.938
52.938,-95.438
52.438,-95.438
51.938,-95.438
51.438,-95.438
50.938,-95.438
50.438,-95.438
49.938,-95.438
49.438,-95.438
48.938,-95.438
48.438,-95.438
47.938,-95.438
47.438,-95.438
46.938,-95.438
46.438,-95.438
45.938,-95.438
45.438,-95.438
44.938,-95.438
44.438,-95.438
43.938,-95.438
43.438,-95.438
42.938,-95.438
42.438,-95.438
41.938,-95.438
41.438,-95.438
40.938,-95.438
40.438,-95.438
39.938,-95.438
39.438,-95.438
38.938,-95.438
38.438,-95.438
37.938,-95.438
37.438,-95.438
36.938,-95.438
36.438,-95.438
35.938,-95.438
35.438,-95.438
34.938,-95.438
34.438,-95.438
33.938,-95.438
33.438,-95.438
32.938,-95.438
32.438,-95.438
31.938,-95.438
31.438,-95.438
30.938,-95.438
30.438,-95.438
29.938,-95.438
29.438,-95.438
28.938,-95.438
52.938,-94.938
52.438,-94.938
51.938,-94.938
51.438,-94.938
50.938,-94.938
50.438,-94.938
49.938,-94.938
49.438,-94.938
48.938,-94.938
48.438,-94.938
47.438,-94.938
46.938,-94.938
46.438,-94.938
45.938,-94.938
45.438,-94.938
44.938,-94.938
44.438,-94.938
43.938,-94.938
43.438,-94.938
42.938,-94.938
42.438,-94.938
41.938,-94.938
41.438,-94.938
40.938,-94.938
40.438,-94.938
39.938,-94.938
39.438,-94.938
38.938,-94.938
38.438,-94.938
37.938,-94.938
37.438,-94.938
36.938,-94.938
36.438,-94.938
35.938,-94.938
35.438,-94.938
34.938,-94.938
34.438,-94.938
33.938,-94.938
33.438,-94.938
32.938,-94.938
32.438,-94.938
31.938,-94.938
31.438,-94.938
30.938,-94.938
30.438,-94.938
29.938,-94.938
29.438,-94.938
52.938,-94.438
52.438,-94.438
51.938,-94.438
51.438,-94.438
50.938,-94.438
50.438,-94.438
49.938,-94.438
49.438,-94.438
48.938,-94.438
48.438,-94.438
47.938,-94.438
47.438,-94.438
46.938,-94.438
46.438,-94.438
45.938,-94.438
45.438,-94.438
44.938,-94.438
44.438,-94.438
43.938,-94.438
43.438,-94.438
42.938,-94.438
42.438,-94.438
41.938,-94.438
41.438,-94.438
40.938,-94.438
40.438,-94.438
39.938,-94.438
39.438,-94.438
38.938,-94.438
38.438,-94.438
37.938,-94.438
37.438,-94.438
36.938,-94.438
36.438,-94.438
35.938,-94.438
35.438,-94.438
34.938,-94.438
34.438,-94.438
33.938,-94.438
33.438,-94.438
32.938,-94.438
32.438,-94.438
31.938,-94.438
31.438,-94.438
30.938,-94.438
30.438,-94.438
29.938,-94.438
52.938,-93.938
52.438,-93.938
51.938,-93.938
51.438,-93.938
50.938,-93.938
50.438,-93.938
49.938,-93.938
49.438,-93.938
48.938,-93.938
48.438,-93.938
47.938,-93.938
47.438,-93.938
46.938,-93.938
46.438,-93.938
45.938,-93.938
45.438,-93.938
44.938,-93.938
44.438,-93.938
43.938,-93.938
43.438,-93.938
42.938,-93.938
42.438,-93.938
41.938,-93.938
41.438,-93.938
40.938,-93.938
40.438,-93.938
39.938,-93.938
39.438,-93.938
38.938,-93.938
38.438,-93.938
37.938,-93.938
37.438,-93.938
36.938,-93.938
36.438,-93.938
35.938,-93.938
35.438,-93.938
34.938,-93.938
34.438,-93.938
33.938,-93.938
33.438,-93.938
32.938,-93.938
32.438,-93.938
31.938,-93.938
31.438,-93.938
30.938,-93.938
30.438,-93.938
29.938,-93.938
52.938,-93.438
52.438,-93.438
51.938,-93.438
51.438,-93.438
50.938,-93.438
50.438,-93.438
49.938,-93.438
49.438,-93.438
48.938,-93.438
48.438,-93.438
47.938,-93.438
47.438,-93.438
46.938,-93.438
46.438,-93.438
45.938,-93.438
45.438,-93.438
44.938,-93.438
44.438,-93.438
43.938,-93.438
43.438,-93.438
42.938,-93.438
42.438,-93.438
41.938,-93.438
41.438,-93.438
40.938,-93.438
40.438,-93.438
39.938,-93.438
39.438,-93.438
38.938,-93.438
38.438,-93.438
37.938,-93.438
37.438,-93.438
36.938,-93.438
36.438,-93.438
35.938,-93.438
35.438,-93.438
34.938,-93.438
34.438,-93.438
33.938,-93.438
33.438,-93.438
32.938,-93.438
32.438,-93.438
31.938,-93.438
31.438,-93.438
30.938,-93.438
30.438,-93.438
29.938,-93.438
52.938,-92.938
52.438,-92.938
51.938,-92.938
51.438,-92.938
50.938,-92.938
49.938,-92.938
49.438,-92.938
48.938,-92.938
48.438,-92.938
47.938,-92.938
47.438,-92.938
46.938,-92.938
46.438,-92.938
45.938,-92.938
45.438,-92.938
44.938,-92.938
44.438,-92.938
43.938,-92.938
43.438,-92.938
42.938,-92.938
42.438,-92.938
41.938,-92.938
41.438,-92.938
40.938,-92.938
40.438,-92.938
39.938,-92.938
39.438,-92.938
38.938,-92.938
38.438,-92.938
37.938,-92.938
37.438,-92.938
36.938,-92.938
36.438,-92.938
35.938,-92.938
35.438,-92.938
34.938,-92.938
34.438,-92.938
33.938,-92.938
33.438,-92.938
32.938,-92.938
32.438,-92.938
31.938,-92.938
31.438,-92.938
30.938,-92.938
30.438,-92.938
29.938,-92.938
52.938,-92.438
52.438,-92.438
51.938,-92.438
51.438,-92.438
50.938,-92.438
50.438,-92.438
49.938,-92.438
49.438,-92.438
48.938,-92.438
48.438,-92.438
47.938,-92.438
47.438,-92.438
46.938,-92.438
46.438,-92.438
45.938,-92.438
45.438,-92.438
44.938,-92.438
44.438,-92.438
43.938,-92.438
43.438,-92.438
42.938,-92.438
42.438,-92.438
41.938,-92.438
41.438,-92.438
40.938,-92.438
40.438,-92.438
39.938,-92.438
39.438,-92.438
38.938,-92.438
38.438,-92.438
37.938,-92.438
37.438,-92.438
36.938,-92.438
36.438,-92.438
35.938,-92.438
35.438,-92.438
34.938,-92.438
34.438,-92.438
33.938,-92.438
33.438,-92.438
32.938,-92.438
32.438,-92.438
31.938,-92.438
31.438,-92.438
30.938,-92.438
30.438,-92.438
29.938,-92.438
52.938,-91.938
52.438,-91.938
51.938,-91.938
51.438,-91.938
50.938,-91.938
49.938,-91.938
49.438,-91.938
48.938,-91.938
48.438,-91.938
47.938,-91.938
47.438,-91.938
46.938,-91.938
46.438,-91.938
45.938,-91.938
45.438,-91.938
44.938,-91.938
44.438,-91.938
43.938,-91.938
43.438,-91.938
42.938,-91.938
42.438,-91.938
41.938,-91.938
41.438,-91.938
40.938,-91.938
40.438,-91.938
39.938,-91.938
39.438,-91.938
38.938,-91.938
38.438,-91.938
37.938,-91.938
37.438,-91.938
36.938,-91.938
36.438,-91.938
35.938,-91.938
35.438,-91.938
34.938,-91.938
34.438,-91.938
33.938,-91.938
33.438,-91.938
32.938,-91.938
32.438,-91.938
31.938,-91.938
31.438,-91.938
30.938,-91.938
30.438,-91.938
29.938,-91.938
52.938,-91.438
52.438,-91.438
51.938,-91.438
51.438,-91.438
50.938,-91.438
50.438,-91.438
49.938,-91.438
49.438,-91.438
48.938,-91.438
48.438,-91.438
47.938,-91.438
47.438,-91.438
46.438,-91.438
45.938,-91.438
45.438,-91.438
44.938,-91.438
44.438,-91.438
43.938,-91.438
43.438,-91.438
42.938,-91.438
42.438,-91.438
41.938,-91.438
41.438,-91.438
40.938,-91.438
40.438,-91.438
39.938,-91.438
39.438,-91.438
38.938,-91.438
38.438,-91.438
37.938,-91.438
37.438,-91.438
36.938,-91.438
36.438,-91.438
35.938,-91.438
35.438,-91.438
34.938,-91.438
34.438,-91.438
33.938,-91.438
33.438,-91.438
32.938,-91.438
32.438,-91.438
31.938,-91.438
31.438,-91.438
30.938,-91.438
30.438,-91.438
29.938,-91.438
52.938,-90.938
52.438,-90.938
51.938,-90.938
51.438,-90.938
50.938,-90.938
50.438,-90.938
49.938,-90.938
49.438,-90.938
48.938,-90.938
48.438,-90.938
47.938,-90.938
46.938,-90.938
46.438,-90.938
45.938,-90.938
45.438,-90.938
44.938,-90.938
44.438,-90.938
43.938,-90.938
43.438,-90.938
42.938,-90.938
42.438,-90.938
41.938,-90.938
41.438,-90.938
40.938,-90.938
40.438,-90.938
39.938,-90.938
39.438,-90.938
38.938,-90.938
38.438,-90.938
37.938,-90.938
37.438,-90.938
36.938,-90.938
36.438,-90.938
35.938,-90.938
35.438,-90.938
34.938,-90.938
34.438,-90.938
33.938,-90.938
33.438,-90.938
32.938,-90.938
32.438,-90.938
31.938,-90.938
31.438,-90.938
30.938,-90.938
30.438,-90.938
29.938,-90.938
29.438,-90.938
52.938,-90.438
52.438,-90.438
51.938,-90.438
51.438,-90.438
50.938,-90.438
49.938,-90.438
49.438,-90.438
48.938,-90.438
48.438,-90.438
47.938,-90.438
46.438,-90.438
45.938,-90.438
45.438,-90.438
44.938,-90.438
44.438,-90.438
43.938,-90.438
43.438,-90.438
42.938,-90.438
42.438,-90.438
41.938,-90.438
41.438,-90.438
40.938,-90.438
40.438,-90.438
39.938,-90.438
39.438,-90.438
38.938,-90.438
38.438,-90.438
37.938,-90.438
37.438,-90.438
36.938,-90.438
36.438,-90.438
35.938,-90.438
35.438,-90.438
34.938,-90.438
34.438,-90.438
33.938,-90.438
33.438,-90.438
32.938,-90.438
32.438,-90.438
31.938,-90.438
31.438,-90.438
30.938,-90.438
30.438,-90.438
29.938,-90.438
29.438,-90.438
52.938,-89.938
52.438,-89.938
51.938,-89.938
51.438,-89.938
50.938,-89.938
50.438,-89.938
49.938,-89.938
49.438,-89.938
48.938,-89.938
48.438,-89.938
47.938,-89.938
46.438,-89.938
45.938,-89.938
45.438,-89.938
44.938,-89.938
44.438,-89.938
43.938,-89.938
43.438,-89.938
42.938,-89.938
42.438,-89.938
41.938,-89.938
41.438,-89.938
40.938,-89.938
40.438,-89.938
39.938,-89.938
39.438,-89.938
38.938,-89.938
38.438,-89.938
37.938,-89.938
37.438,-89.938
36.938,-89.938
36.438,-89.938
35.938,-89.938
35.438,-89.938
34.938,-89.938
34.438,-89.938
33.938,-89.938
33.438,-89.938
32.938,-89.938
32.438,-89.938
31.938,-89.938
31.438,-89.938
30.938,-89.938
30.438,-89.938
29.938,-89.938
52.938,-89.438
52.438,-89.438
51.938,-89.438
51.438,-89.438
50.938,-89.438
50.438,-89.438
49.938,-89.438
49.438,-89.438
48.938,-89.438
48.438,-89.438
46.438,-89.438
45.938,-89.438
45.438,-89.438
44.938,-89.438
44.438,-89.438
43.938,-89.438
43.438,-89.438
42.938,-89.438
42.438,-89.438
41.938,-89.438
41.438,-89.438
40.938,-89.438
40.438,-89.438
39.938,-89.438
39.438,-89.438
38.938,-89.438
38.438,-89.438
37.938,-89.438
37.438,-89.438
36.938,-89.438
36.438,-89.438
35.938,-89.438
35.438,-89.438
34.938,-89.438
34.438,-89.438
33.938,-89.438
33.438,-89.438
32.938,-89.438
32.438,-89.438
31.938,-89.438
31.438,-89.438
30.938,-89.438
30.438,-89.438
29.938,-89.438
52.938,-88.938
52.438,-88.938
51.938,-88.938
51.438,-88.938
50.938,-88.938
50.438,-88.938
49.938,-88.938
49.438,-88.938
48.938,-88.938
47.938,-88.938
46.938,-88.938
46.438,-88.938
45.938,-88.938
45.438,-88.938
44.938,-88.938
44.438,-88.938
43.938,-88.938
43.438,-88.938
42.938,-88.938
42.438,-88.938
41.938,-88.938
41.438,-88.938
40.938,-88.938
40.438,-88.938
39.938,-88.938
39.438,-88.938
38.938,-88.938
38.438,-88.938
37.938,-88.938
37.438,-88.938
36.938,-88.938
36.438,-88.938
35.938,-88.938
35.438,-88.938
34.938,-88.938
34.438,-88.938
33.938,-88.938
33.438,-88.938
32.938,-88.938
32.438,-88.938
31.938,-88.938
31.438,-88.938
30.938,-88.938
30.438,-88.938
52.938,-88.438
52.438,-88.438
51.938,-88.438
51.438,-88.438
50.938,-88.438
50.438,-88.438
48.938,-88.438
46.438,-88.438
45.938,-88.438
45.438,-88.438
44.938,-88.438
44.438,-88.438
43.438,-88.438
42.938,-88.438
42.438,-88.438
41.938,-88.438
41.438,-88.438
40.938,-88.438
40.438,-88.438
39.938,-88.438
39.438,-88.438
38.938,-88.438
38.438,-88.438
37.938,-88.438
37.438,-88.438
36.938,-88.438
36.438,-88.438
35.938,-88.438
35.438,-88.438
34.938,-88.438
34.438,-88.438
33.938,-88.438
33.438,-88.438
32.938,-88.438
32.438,-88.438
31.938,-88.438
31.438,-88.438
30.938,-88.438
30.438,-88.438
52.938,-87.938
52.438,-87.938
51.938,-87.938
51.438,-87.938
50.938,-87.938
50.438,-87.938
49.938,-87.938
49.438,-87.938
48.938,-87.938
47.438,-87.938
46.438,-87.938
45.938,-87.938
45.438,-87.938
44.938,-87.938
44.438,-87.938
43.938,-87.938
43.438,-87.938
42.938,-87.938
42.438,-87.938
41.938,-87.938
41.438,-87.938
40.938,-87.938
40.438,-87.938
39.938,-87.938
39.438,-87.938
38.938,-87.938
38.438,-87.938
37.938,-87.938
37.438,-87.938
36.938,-87.938
36.438,-87.938
35.938,-87.938
35.438,-87.938
34.938,-87.938
34.438,-87.938
33.938,-87.938
33.438,-87.938
32.938,-87.938
32.438,-87.938
31.938,-87.938
31.438,-87.938
30.938,-87.938
52.438,-87.438
51.938,-87.438
51.438,-87.438
50.938,-87.438
50.438,-87.438
49.938,-87.438
49.438,-87.438
48.938,-87.438
46.438,-87.438
45.938,-87.438
45.438,-87.438
41.438,-87.438
40.938,-87.438
40.438,-87.438
39.938,-87.438
39.438,-87.438
38.938,-87.438
38.438,-87.438
37.938,-87.438
37.438,-87.438
36.938,-87.438
36.438,-87.438
35.938,-87.438
35.438,-87.438
34.938,-87.438
34.438,-87.438
33.938,-87.438
33.438,-87.438
32.938,-87.438
32.438,-87.438
31.938,-87.438
31.438,-87.438
30.938,-87.438
30.438,-87.438
52.938,-86.938
52.438,-86.938
51.938,-86.938
51.438,-86.938
50.938,-86.938
50.438,-86.938
49.938,-86.938
49.438,-86.938
48.938,-86.938
46.438,-86.938
45.938,-86.938
41.438,-86.938
40.938,-86.938
40.438,-86.938
39.938,-86.938
39.438,-86.938
38.938,-86.938
38.438,-86.938
37.938,-86.938
37.438,-86.938
36.938,-86.938
36.438,-86.938
35.938,-86.938
35.438,-86.938
34.938,-86.938
34.438,-86.938
33.938,-86.938
33.438,-86.938
32.938,-86.938
32.438,-86.938
31.938,-86.938
31.438,-86.938
30.938,-86.938
30.438,-86.938
52.938,-86.438
52.438,-86.438
51.938,-86.438
51.438,-86.438
50.938,-86.438
50.438,-86.438
49.938,-86.438
49.438,-86.438
48.938,-86.438
46.438,-86.438
45.938,-86.438
43.938,-86.438
41.938,-86.438
41.438,-86.438
40.938,-86.438
40.438,-86.438
39.938,-86.438
39.438,-86.438
38.938,-86.438
38.438,-86.438
37.938,-86.438
37.438,-86.438
36.938,-86.438
36.438,-86.438
35.938,-86.438
35.438,-86.438
34.938,-86.438
34.438,-86.438
33.938,-86.438
33.438,-86.438
32.938,-86.438
32.438,-86.438
31.938,-86.438
31.438,-86.438
30.938,-86.438
52.938,-85.938
52.438,-85.938
51.938,-85.938
51.438,-85.938
50.938,-85.938
50.438,-85.938
49.938,-85.938
49.438,-85.938
48.938,-85.938
48.438,-85.938
46.438,-85.938
44.938,-85.938
44.438,-85.938
43.938,-85.938
43.438,-85.938
42.938,-85.938
42.438,-85.938
41.938,-85.938
41.438,-85.938
40.938,-85.938
40.438,-85.938
39.938,-85.938
39.438,-85.938
38.938,-85.938
38.438,-85.938
37.938,-85.938
37.438,-85.938
36.938,-85.938
36.438,-85.938
35.938,-85.938
35.438,-85.938
34.938,-85.938
34.438,-85.938
33.938,-85.938
33.438,-85.938
32.938,-85.938
32.438,-85.938
31.938,-85.938
31.438,-85.938
30.938,-85.938
30.438,-85.938
52.938,-85.438
52.438,-85.438
51.938,-85.438
51.438,-85.438
50.938,-85.438
50.438,-85.438
49.938,-85.438
49.438,-85.438
48.938,-85.438
48.438,-85.438
47.938,-85.438
46.438,-85.438
44.438,-85.438
43.938,-85.438
43.438,-85.438
42.938,-85.438
42.438,-85.438
41.938,-85.438
41.438,-85.438
40.938,-85.438
40.438,-85.438
39.938,-85.438
39.438,-85.438
38.938,-85.438
38.438,-85.438
37.938,-85.438
37.438,-85.438
36.938,-85.438
36.438,-85.438
35.938,-85.438
35.438,-85.438
34.938,-85.438
34.438,-85.438
33.938,-85.438
33.438,-85.438
32.938,-85.438
32.438,-85.438
31.938,-85.438
31.438,-85.438
30.938,-85.438
30.438,-85.438
52.938,-84.938
52.438,-84.938
51.938,-84.938
51.438,-84.938
50.938,-84.938
50.438,-84.938
49.938,-84.938
49.438,-84.938
48.938,-84.938
48.438,-84.938
46.438,-84.938
45.438,-84.938
44.938,-84.938
44.438,-84.938
43.938,-84.938
43.438,-84.938
42.938,-84.938
42.438,-84.938
41.938,-84.938
41.438,-84.938
40.938,-84.938
40.438,-84.938
39.938,-84.938
39.438,-84.938
38.938,-84.938
38.438,-84.938
37.938,-84.938
37.438,-84.938
36.938,-84.938
36.438,-84.938
35.938,-84.938
35.438,-84.938
34.938,-84.938
34.438,-84.938
33.938,-84.938
33.438,-84.938
32.938,-84.938
32.438,-84.938
31.938,-84.938
31.438,-84.938
30.938,-84.938
30.438,-84.938
29.938,-84.938
52.938,-84.438
52.438,-84.438
51.938,-84.438
51.438,-84.438
50.938,-84.438
50.438,-84.438
49.938,-84.438
49.438,-84.438
48.438,-84.438
47.938,-84.438
47.438,-84.438
46.938,-84.438
46.438,-84.438
45.438,-84.438
44.938,-84.438
44.438,-84.438
43.938,-84.438
43.438,-84.438
42.938,-84.438
42.438,-84.438
41.938,-84.438
41.438,-84.438
40.938,-84.438
40.438,-84.438
39.938,-84.438
39.438,-84.438
38.938,-84.438
38.438,-84.438
37.938,-84.438
37.438,-84.438
36.938,-84.438
36.438,-84.438
35.938,-84.438
35.438,-84.438
34.938,-84.438
34.438,-84.438
33.938,-84.438
33.438,-84.438
32.938,-84.438
32.438,-84.438
31.938,-84.438
31.438,-84.438
30.938,-84.438
30.438,-84.438
52.938,-83.938
52.438,-83.938
51.938,-83.938
51.438,-83.938
50.938,-83.938
50.438,-83.938
49.938,-83.938
49.438,-83.938
48.938,-83.938
48.438,-83.938
47.938,-83.938
47.438,-83.938
46.938,-83.938
46.438,-83.938
45.438,-83.938
44.938,-83.938
44.438,-83.938
43.938,-83.938
43.438,-83.938
42.938,-83.938
42.438,-83.938
41.938,-83.938
41.438,-83.938
40.938,-83.938
40.438,-83.938
39.938,-83.938
39.438,-83.938
38.938,-83.938
38.438,-83.938
37.938,-83.938
37.438,-83.938
36.938,-83.938
36.438,-83.938
35.938,-83.938
35.438,-83.938
34.938,-83.938
34.438,-83.938
33.938,-83.938
33.438,-83.938
32.938,-83.938
32.438,-83.938
31.938,-83.938
31.438,-83.938
30.938,-83.938
30.438,-83.938
52.938,-83.438
52.438,-83.438
51.938,-83.438
51.438,-83.438
50.938,-83.438
50.438,-83.438
49.938,-83.438
49.438,-83.438
48.938,-83.438
48.438,-83.438
47.938,-83.438
47.438,-83.438
46.938,-83.438
46.438,-83.438
45.938,-83.438
44.938,-83.438
44.438,-83.438
43.438,-83.438
42.938,-83.438
42.438,-83.438
41.938,-83.438
41.438,-83.438
40.938,-83.438
40.438,-83.438
39.938,-83.438
39.438,-83.438
38.938,-83.438
38.438,-83.438
37.938,-83.438
37.438,-83.438
36.938,-83.438
36.438,-83.438
35.938,-83.438
35.438,-83.438
34.938,-83.438
34.438,-83.438
33.938,-83.438
33.438,-83.438
32.938,-83.438
32.438,-83.438
31.938,-83.438
31.438,-83.438
30.938,-83.438
30.438,-83.438
29.938,-83.438
52.938,-82.938
52.438,-82.938
51.938,-82.938
51.438,-82.938
50.938,-82.938
50.438,-82.938
49.938,-82.938
49.438,-82.938
48.938,-82.938
48.438,-82.938
47.938,-82.938
47.438,-82.938
46.938,-82.938
46.438,-82.938
45.938,-82.938
43.938,-82.938
43.438,-82.938
42.938,-82.938
42.438,-82.938
41.438,-82.938
40.938,-82.938
40.438,-82.938
39.938,-82.938
39.438,-82.938
38.938,-82.938
38.438,-82.938
37.938,-82.938
37.438,-82.938
36.938,-82.938
36.438,-82.938
35.938,-82.938
35.438,-82.938
34.938,-82.938
34.438,-82.938
33.938,-82.938
33.438,-82.938
32.938,-82.938
32.438,-82.938
31.938,-82.938
31.438,-82.938
30.938,-82.938
30.438,-82.938
29.938,-82.938
29.438,-82.938
52.938,-82.438
52.438,-82.438
51.938,-82.438
51.438,-82.438
50.938,-82.438
50.438,-82.438
49.938,-82.438
49.438,-82.438
48.938,-82.438
48.438,-82.438
47.938,-82.438
47.438,-82.438
46.938,-82.438
46.438,-82.438
45.938,-82.438
42.938,-82.438
40.938,-82.438
40.438,-82.438
39.938,-82.438
39.438,-82.438
38.938,-82.438
38.438,-82.438
37.938,-82.438
37.438,-82.438
36.938,-82.438
36.438,-82.438
35.938,-82.438
35.438,-82.438
34.938,-82.438
34.438,-82.438
33.938,-82.438
33.438,-82.438
32.938,-82.438
32.438,-82.438
31.938,-82.438
31.438,-82.438
30.938,-82.438
30.438,-82.438
29.938,-82.438
29.438,-82.438
28.938,-82.438
28.438,-82.438
27.938,-82.438
27.438,-82.438
52.438,-81.938
51.938,-81.938
51.438,-81.938
50.938,-81.938
50.438,-81.938
49.938,-81.938
49.438,-81.938
48.938,-81.938
48.438,-81.938
47.938,-81.938
47.438,-81.938
46.938,-81.938
46.438,-81.938
45.938,-81.938
42.938,-81.938
42.438,-81.938
41.438,-81.938
40.938,-81.938
40.438,-81.938
39.938,-81.938
39.438,-81.938
38.938,-81.938
38.438,-81.938
37.938,-81.938
37.438,-81.938
36.938,-81.938
36.438,-81.938
35.938,-81.938
35.438,-81.938
34.938,-81.938
34.438,-81.938
33.938,-81.938
33.438,-81.938
32.938,-81.938
32.438,-81.938
31.938,-81.938
31.438,-81.938
30.938,-81.938
30.438,-81.938
29.938,-81.938
29.438,-81.938
28.938,-81.938
28.438,-81.938
27.938,-81.938
27.438,-81.938
26.938,-81.938
52.938,-81.438
51.938,-81.438
51.438,-81.438
50.938,-81.438
50.438,-81.438
49.938,-81.438
49.438,-81.438
48.938,-81.438
48.438,-81.438
47.938,-81.438
47.438,-81.438
46.938,-81.438
46.438,-81.438
43.938,-81.438
43.438,-81.438
42.938,-81.438
41.438,-81.438
40.938,-81.438
40.438,-81.438
39.938,-81.438
39.438,-81.438
38.938,-81.438
38.438,-81.438
37.938,-81.438
37.438,-81.438
36.938,-81.438
36.438,-81.438
35.938,-81.438
35.438,-81.438
34.938,-81.438
34.438,-81.438
33.938,-81.438
33.438,-81.438
32.938,-81.438
32.438,-81.438
31.938,-81.438
31.438,-81.438
30.438,-81.438
29.938,-81.438
29.438,-81.438
28.938,-81.438
28.438,-81.438
27.938,-81.438
27.438,-81.438
26.938,-81.438
26.438,-81.438
25.938,-81.438
52.938,-80.938
51.938,-80.938
51.438,-80.938
50.938,-80.938
50.438,-80.938
49.938,-80.938
49.438,-80.938
48.938,-80.938
48.438,-80.938
47.938,-80.938
47.438,-80.938
46.938,-80.938
46.438,-80.938
45.938,-80.938
44.438,-80.938
43.938,-80.938
43.438,-80.938
42.938,-80.938
41.438,-80.938
40.938,-80.938
40.438,-80.938
39.938,-80.938
39.438,-80.938
38.938,-80.938
38.438,-80.938
37.938,-80.938
37.438,-80.938
36.938,-80.938
36.438,-80.938
35.938,-80.938
35.438,-80.938
34.938,-80.938
34.438,-80.938
33.938,-80.938
33.438,-80.938
32.938,-80.938
32.438,-80.938
28.938,-80.938
28.438,-80.938
27.938,-80.938
27.438,-80.938
26.438,-80.938
25.938,-80.938
25.438,-80.938
50.938,-80.438
50.438,-80.438
49.938,-80.438
49.438,-80.438
48.938,-80.438
48.438,-80.438
47.938,-80.438
47.438,-80.438
46.938,-80.438
46.438,-80.438
45.938,-80.438
44.438,-80.438
43.938,-80.438
43.438,-80.438
42.938,-80.438
41.938,-80.438
41.438,-80.438
40.938,-80.438
40.438,-80.438
39.938,-80.438
39.438,-80.438
38.938,-80.438
38.438,-80.438
37.938,-80.438
37.438,-80.438
36.938,-80.438
36.438,-80.438
35.938,-80.438
35.438,-80.438
34.938,-80.438
34.438,-80.438
33.938,-80.438
33.438,-80.438
32.938,-80.438
27.438,-80.438
26.938,-80.438
26.438,-80.438
25.938,-80.438
25.438,-80.438
50.938,-79.938
50.438,-79.938
49.938,-79.938
49.438,-79.938
48.938,-79.938
48.438,-79.938
47.938,-79.938
47.438,-79.938
46.938,-79.938
46.438,-79.938
45.938,-79.938
45.438,-79.938
44.438,-79.938
43.938,-79.938
43.438,-79.938
42.938,-79.938
41.938,-79.938
41.438,-79.938
40.938,-79.938
40.438,-79.938
39.938,-79.938
39.438,-79.938
38.938,-79.938
38.438,-79.938
37.938,-79.938
37.438,-79.938
36.938,-79.938
36.438,-79.938
35.938,-79.938
35.438,-79.938
34.938,-79.938
34.438,-79.938
33.938,-79.938
33.438,-79.938
32.938,-79.938
51.938,-79.438
51.438,-79.438
50.938,-79.438
50.438,-79.438
49.938,-79.438
49.438,-79.438
48.938,-79.438
48.438,-79.438
47.938,-79.438
47.438,-79.438
46.938,-79.438
46.438,-79.438
45.938,-79.438
45.438,-79.438
44.938,-79.438
43.938,-79.438
42.938,-79.438
41.938,-79.438
41.438,-79.438
40.938,-79.438
40.438,-79.438
39.938,-79.438
39.438,-79.438
38.938,-79.438
38.438,-79.438
37.938,-79.438
37.438,-79.438
36.938,-79.438
36.438,-79.438
35.938,-79.438
35.438,-79.438
34.938,-79.438
34.438,-79.438
33.938,-79.438
33.438,-79.438
50.938,-78.938
50.438,-78.938
49.938,-78.938
49.438,-78.938
48.938,-78.938
48.438,-78.938
47.938,-78.938
47.438,-78.938
46.938,-78.938
46.438,-78.938
45.938,-78.938
45.438,-78.938
44.938,-78.938
44.438,-78.938
43.938,-78.938
42.938,-78.938
42.438,-78.938
41.938,-78.938
41.438,-78.938
40.938,-78.938
40.438,-78.938
39.938,-78.938
39.438,-78.938
38.938,-78.938
38.438,-78.938
37.938,-78.938
37.438,-78.938
36.938,-78.938
36.438,-78.938
35.938,-78.938
35.438,-78.938
34.938,-78.938
34.438,-78.938
33.938,-78.938
52.938,-78.438
52.438,-78.438
51.938,-78.438
51.438,-78.438
50.938,-78.438
50.438,-78.438
49.938,-78.438
49.438,-78.438
48.938,-78.438
48.438,-78.438
47.938,-78.438
47.438,-78.438
46.938,-78.438
46.438,-78.438
45.938,-78.438
45.438,-78.438
44.938,-78.438
44.438,-78.438
43.938,-78.438
42.938,-78.438
42.438,-78.438
41.938,-78.438
41.438,-78.438
40.938,-78.438
40.438,-78.438
39.938,-78.438
39.438,-78.438
38.938,-78.438
38.438,-78.438
37.938,-78.438
37.438,-78.438
36.938,-78.438
36.438,-78.438
35.938,-78.438
35.438,-78.438
34.938,-78.438
34.438,-78.438
33.938,-78.438
52.938,-77.938
52.438,-77.938
51.938,-77.938
51.438,-77.938
50.938,-77.938
50.438,-77.938
49.938,-77.938
49.438,-77.938
48.938,-77.938
48.438,-77.938
47.938,-77.938
47.438,-77.938
46.938,-77.938
46.438,-77.938
45.938,-77.938
45.438,-77.938
44.938,-77.938
44.438,-77.938
42.938,-77.938
42.438,-77.938
41.938,-77.938
41.438,-77.938
40.938,-77.938
40.438,-77.938
39.938,-77.938
39.438,-77.938
38.938,-77.938
38.438,-77.938
37.938,-77.938
37.438,-77.938
36.938,-77.938
36.438,-77.938
35.938,-77.938
35.438,-77.938
34.938,-77.938
34.438,-77.938
52.938,-77.438
52.438,-77.438
51.938,-77.438
51.438,-77.438
50.938,-77.438
50.438,-77.438
49.938,-77.438
49.438,-77.438
48.938,-77.438
48.438,-77.438
47.938,-77.438
47.438,-77.438
46.938,-77.438
46.438,-77.438
45.938,-77.438
45.438,-77.438
44.938,-77.438
44.438,-77.438
43.938,-77.438
42.938,-77.438
42.438,-77.438
41.938,-77.438
41.438,-77.438
40.938,-77.438
40.438,-77.438
39.938,-77.438
39.438,-77.438
38.938,-77.438
38.438,-77.438
37.938,-77.438
37.438,-77.438
36.938,-77.438
36.438,-77.438
35.938,-77.438
35.438,-77.438
34.938,-77.438
52.938,-76.938
52.438,-76.938
51.938,-76.938
51.438,-76.938
50.438,-76.938
49.938,-76.938
49.438,-76.938
48.938,-76.938
48.438,-76.938
47.938,-76.938
47.438,-76.938
46.938,-76.938
46.438,-76.938
45.938,-76.938
45.438,-76.938
44.938,-76.938
44.438,-76.938
42.938,-76.938
42.438,-76.938
41.938,-76.938
41.438,-76.938
40.938,-76.938
40.438,-76.938
39.938,-76.938
39.438,-76.938
38.938,-76.938
38.438,-76.938
37.938,-76.938
37.438,-76.938
36.938,-76.938
36.438,-76.938
35.938,-76.938
35.438,-76.938
34.938,-76.938
52.938,-76.438
51.938,-76.438
51.438,-76.438
50.938,-76.438
50.438,-76.438
49.938,-76.438
49.438,-76.438
48.938,-76.438
48.438,-76.438
47.938,-76.438
47.438,-76.438
46.938,-76.438
46.438,-76.438
45.938,-76.438
45.438,-76.438
44.938,-76.438
44.438,-76.438
43.438,-76.438
42.938,-76.438
42.438,-76.438
41.938,-76.438
41.438,-76.438
40.938,-76.438
40.438,-76.438
39.938,-76.438
39.438,-76.438
37.938,-76.438
37.438,-76.438
36.438,-76.438
35.938,-76.438
35.438,-76.438
34.938,-76.438
52.938,-75.938
52.438,-75.938
51.938,-75.938
51.438,-75.938
50.938,-75.938
50.438,-75.938
49.938,-75.938
49.438,-75.938
48.938,-75.938
48.438,-75.938
47.938,-75.938
47.438,-75.938
46.938,-75.938
46.438,-75.938
45.938,-75.938
45.438,-75.938
44.938,-75.938
44.438,-75.938
43.938,-75.938
43.438,-75.938
42.938,-75.938
42.438,-75.938
41.938,-75.938
41.438,-75.938
40.938,-75.938
40.438,-75.938
39.938,-75.938
39.438,-75.938
38.938,-75.938
38.438,-75.938
52.938,-75.438
52.438,-75.438
51.938,-75.438
51.438,-75.438
50.938,-75.438
50.438,-75.438
49.938,-75.438
49.438,-75.438
48.938,-75.438
48.438,-75.438
47.938,-75.438
47.438,-75.438
46.938,-75.438
46.438,-75.438
45.938,-75.438
45.438,-75.438
44.938,-75.438
44.438,-75.438
43.938,-75.438
43.438,-75.438
42.938,-75.438
42.438,-75.438
41.938,-75.438
41.438,-75.438
40.938,-75.438
40.438,-75.438
39.938,-75.438
39.438,-75.438
38.938,-75.438
38.438,-75.438
37.938,-75.438
52.938,-74.938
52.438,-74.938
51.938,-74.938
51.438,-74.938
50.938,-74.938
50.438,-74.938
49.938,-74.938
49.438,-74.938
48.938,-74.938
48.438,-74.938
47.938,-74.938
47.438,-74.938
46.938,-74.938
46.438,-74.938
45.938,-74.938
45.438,-74.938
44.938,-74.938
44.438,-74.938
43.938,-74.938
43.438,-74.938
42.938,-74.938
42.438,-74.938
41.938,-74.938
41.438,-74.938
40.938,-74.938
40.438,-74.938
39.938,-74.938
39.438,-74.938
52.938,-74.438
52.438,-74.438
51.938,-74.438
51.438,-74.438
50.938,-74.438
50.438,-74.438
49.938,-74.438
49.438,-74.438
48.938,-74.438
48.438,-74.438
47.938,-74.438
47.438,-74.438
46.938,-74.438
46.438,-74.438
45.938,-74.438
45.438,-74.438
44.938,-74.438
44.438,-74.438
43.938,-74.438
43.438,-74.438
42.938,-74.438
42.438,-74.438
41.938,-74.438
41.438,-74.438
40.938,-74.438
40.438,-74.438
39.938,-74.438
52.938,-73.938
52.438,-73.938
51.938,-73.938
51.438,-73.938
50.938,-73.938
50.438,-73.938
49.938,-73.938
49.438,-73.938
48.938,-73.938
48.438,-73.938
47.938,-73.938
47.438,-73.938
46.938,-73.938
46.438,-73.938
45.938,-73.938
44.938,-73.938
44.438,-73.938
43.938,-73.938
43.438,-73.938
42.938,-73.938
42.438,-73.938
41.938,-73.938
41.438,-73.938
40.938,-73.938
52.938,-73.438
52.438,-73.438
51.938,-73.438
51.438,-73.438
50.938,-73.438
50.438,-73.438
49.938,-73.438
49.438,-73.438
48.938,-73.438
48.438,-73.438
47.938,-73.438
47.438,-73.438
46.938,-73.438
46.438,-73.438
45.938,-73.438
45.438,-73.438
44.938,-73.438
44.438,-73.438
43.938,-73.438
43.438,-73.438
42.938,-73.438
42.438,-73.438
41.938,-73.438
41.438,-73.438
52.938,-72.938
52.438,-72.938
51.938,-72.938
51.438,-72.938
50.938,-72.938
50.438,-72.938
49.938,-72.938
49.438,-72.938
48.938,-72.938
48.438,-72.938
47.938,-72.938
47.438,-72.938
46.938,-72.938
46.438,-72.938
45.938,-72.938
45.438,-72.938
44.938,-72.938
44.438,-72.938
43.938,-72.938
43.438,-72.938
42.938,-72.938
42.438,-72.938
41.938,-72.938
41.438,-72.938
40.938,-72.938
52.938,-72.438
52.438,-72.438
51.938,-72.438
51.438,-72.438
50.938,-72.438
50.438,-72.438
49.938,-72.438
49.438,-72.438
48.938,-72.438
48.438,-72.438
47.938,-72.438
47.438,-72.438
46.938,-72.438
46.438,-72.438
45.938,-72.438
45.438,-72.438
44.938,-72.438
44.438,-72.438
43.938,-72.438
43.438,-72.438
42.938,-72.438
42.438,-72.438
41.938,-72.438
41.438,-72.438
52.938,-71.938
52.438,-71.938
51.938,-71.938
51.438,-71.938
50.938,-71.938
50.438,-71.938
49.938,-71.938
49.438,-71.938
48.938,-71.938
47.938,-71.938
47.438,-71.938
46.938,-71.938
46.438,-71.938
45.938,-71.938
45.438,-71.938
44.938,-71.938
44.438,-71.938
43.938,-71.938
43.438,-71.938
42.938,-71.938
42.438,-71.938
41.938,-71.938
41.438,-71.938
52.938,-71.438
52.438,-71.438
51.938,-71.438
51.438,-71.438
50.938,-71.438
50.438,-71.438
49.938,-71.438
49.438,-71.438
48.938,-71.438
48.438,-71.438
47.938,-71.438
47.438,-71.438
46.938,-71.438
46.438,-71.438
45.938,-71.438
45.438,-71.438
44.938,-71.438
44.438,-71.438
43.938,-71.438
43.438,-71.438
42.938,-71.438
42.438,-71.438
41.938,-71.438
52.938,-70.938
52.438,-70.938
51.938,-70.938
51.438,-70.938
50.938,-70.938
50.438,-70.938
49.938,-70.938
49.438,-70.938
48.938,-70.938
48.438,-70.938
47.938,-70.938
47.438,-70.938
46.938,-70.938
46.438,-70.938
45.938,-70.938
45.438,-70.938
44.938,-70.938
44.438,-70.938
43.938,-70.938
43.438,-70.938
42.938,-70.938
41.938,-70.938
52.938,-70.438
52.438,-70.438
51.938,-70.438
51.438,-70.438
50.938,-70.438
50.438,-70.438
49.938,-70.438
49.438,-70.438
48.938,-70.438
48.438,-70.438
47.938,-70.438
47.438,-70.438
46.938,-70.438
46.438,-70.438
45.938,-70.438
45.438,-70.438
44.938,-70.438
44.438,-70.438
43.938,-70.438
43.438,-70.438
52.938,-69.938
52.438,-69.938
51.938,-69.938
51.438,-69.938
50.938,-69.938
50.438,-69.938
49.938,-69.938
49.438,-69.938
48.938,-69.938
48.438,-69.938
47.938,-69.938
47.438,-69.938
46.938,-69.938
46.438,-69.938
45.938,-69.938
45.438,-69.938
44.938,-69.938
44.438,-69.938
43.938,-69.938
52.938,-69.438
52.438,-69.438
51.938,-69.438
51.438,-69.438
50.938,-69.438
50.438,-69.438
49.938,-69.438
49.438,-69.438
48.938,-69.438
48.438,-69.438
47.938,-69.438
47.438,-69.438
46.938,-69.438
46.438,-69.438
45.938,-69.438
45.438,-69.438
44.938,-69.438
44.438,-69.438
52.938,-68.938
52.438,-68.938
51.938,-68.938
51.438,-68.938
50.938,-68.938
50.438,-68.938
49.938,-68.938
49.438,-68.938
48.938,-68.938
47.938,-68.938
47.438,-68.938
46.938,-68.938
46.438,-68.938
45.938,-68.938
45.438,-68.938
44.938,-68.938
52.938,-68.438
52.438,-68.438
51.938,-68.438
51.438,-68.438
50.938,-68.438
50.438,-68.438
49.938,-68.438
49.438,-68.438
48.438,-68.438
47.938,-68.438
47.438,-68.438
46.938,-68.438
46.438,-68.438
45.938,-68.438
45.438,-68.438
44.938,-68.438
52.938,-67.938
52.438,-67.938
51.938,-67.938
51.438,-67.938
50.438,-67.938
49.938,-67.938
49.438,-67.938
48.438,-67.938
47.938,-67.938
47.438,-67.938
46.938,-67.938
46.438,-67.938
45.938,-67.938
45.438,-67.938
44.938,-67.938
52.938,-67.438
52.438,-67.438
51.938,-67.438
51.438,-67.438
50.938,-67.438
50.438,-67.438
49.938,-67.438
49.438,-67.438
48.438,-67.438
47.938,-67.438
47.438,-67.438
46.938,-67.438
46.438,-67.438
45.938,-67.438
45.438,-67.438
44.938,-67.438
46.938,-123.813
46.438,-123.813
48.438,-123.563
47.438,-122.563
37.438,-75.688
39.438,-74.563
